run_id,saddle_error_mean,saddle_error_stdv,minima_error_mean,minima_error_stdv,bias_count_mean,bias_count_stdv,energy_calls_mean,energy_calls_stdv,force_calls_mean,force_calls_stdv,bias_std_dev_scale,bias_covariance,bias_height_fraction,bias_height,perturbation_size,optimizer
0,0.04286436684554972,0.008272427627450495,1.162261067928338e-06,1.1627550085905882e-06,2000.0,0.0,"[104.0, 4818.666666666667]","[0.0, 693.428358872702]","[104.0, 4818.666666666667]","[0.0, 693.428358872702]",0.3333333333333333,0.0336111111111111,0.2,7.6,0.1,FIRE
1,0.255112456393855,0.0771803136072455,6.870728455671442e-08,1.4920671022745588e-07,2000.0,0.0,"[13.0, 1019.6666666666666]","[0.0, 605.8439476374167]","[13.0, 1019.6666666666666]","[0.0, 605.8439476374167]",0.3333333333333333,0.0336111111111111,0.2,7.6,0.1,Scipy
2,0.03628571863688755,0.014829242696786565,1.1880061349117921e-06,1.1906684776343658e-06,2000.0,0.0,"[104.0, 4745.333333333333]","[0.0, 1299.3388917274644]","[104.0, 4745.333333333333]","[0.0, 1299.3388917274644]",0.3333333333333333,0.0336111111111111,0.2,7.6,0.01,FIRE
3,0.27747256415986704,0.05735427159869673,1.5917141823116847e-07,2.516236468158409e-07,2000.0,0.0,"[13.0, 1026.0]","[0.0, 226.90526657616388]","[13.0, 1026.0]","[0.0, 226.90526657616388]",0.3333333333333333,0.0336111111111111,0.2,7.6,0.01,Scipy
4,0.027672117734879625,0.006397997555696379,1.2054176128815522e-06,1.208388063536299e-06,2000.0,0.0,"[104.0, 3454.3333333333335]","[0.0, 613.9849799103847]","[104.0, 3454.3333333333335]","[0.0, 613.9849799103847]",0.3333333333333333,0.0336111111111111,0.2,7.6,0.001,FIRE
5,0.2277554065129532,0.02942691658034992,4.256220620573609e-07,8.430772169094496e-07,2000.0,0.0,"[13.0, 638.0]","[0.0, 587.5548201373781]","[13.0, 638.0]","[0.0, 587.5548201373781]",0.3333333333333333,0.0336111111111111,0.2,7.6,0.001,Scipy
6,0.04925988491873696,0.013698615980258446,1.1866937195980455e-06,1.1897022104092327e-06,2000.0,0.0,"[104.0, 4365.333333333333]","[0.0, 1417.9525928448934]","[104.0, 4365.333333333333]","[0.0, 1417.9525928448934]",0.3333333333333333,0.0336111111111111,0.2,7.6,0.0001,FIRE
7,0.3486512812246774,0.013072093542307229,9.439407589453729e-07,1.0098642699189631e-06,2000.0,0.0,"[13.0, 1268.0]","[0.0, 569.2738064118765]","[13.0, 1268.0]","[0.0, 569.2738064118765]",0.3333333333333333,0.0336111111111111,0.2,7.6,0.0001,Scipy
8,0.03391821369932995,0.01590662931931167,1.1226668128470863e-06,1.1293741160855862e-06,2000.0,0.0,"[104.0, 10257.666666666666]","[0.0, 374.668149463258]","[104.0, 10257.666666666666]","[0.0, 374.668149463258]",0.3333333333333333,0.0336111111111111,0.1,3.8,0.1,FIRE
9,0.29230548877775003,0.10093199864904602,5.71024458738898e-08,9.516289896912306e-08,2000.0,0.0,"[13.0, 755.0]","[0.0, 212.67972791657098]","[13.0, 755.0]","[0.0, 212.67972791657098]",0.3333333333333333,0.0336111111111111,0.1,3.8,0.1,Scipy
10,0.04003555852949549,0.01042579041870249,8.965020823236729e-07,9.02072068340332e-07,2000.0,0.0,"[104.0, 7487.666666666667]","[0.0, 2388.373551650207]","[104.0, 7487.666666666667]","[0.0, 2388.373551650207]",0.3333333333333333,0.0336111111111111,0.1,3.8,0.01,FIRE
11,0.24903459564921512,0.06511857800027952,1.3409563335569505e-07,1.522663054848466e-07,2000.0,0.0,"[13.0, 1047.6666666666667]","[0.0, 248.2798600146393]","[13.0, 1047.6666666666667]","[0.0, 248.2798600146393]",0.3333333333333333,0.0336111111111111,0.1,3.8,0.01,Scipy
12,0.03700226642446306,0.00629065315227216,9.318958223121462e-07,9.3988661177701e-07,2000.0,0.0,"[104.0, 7367.333333333333]","[0.0, 1919.8917214838505]","[104.0, 7367.333333333333]","[0.0, 1919.8917214838505]",0.3333333333333333,0.0336111111111111,0.1,3.8,0.001,FIRE
13,0.1895509769312018,0.11433578683521342,3.6247123268132743e-07,7.181211170704467e-07,2000.0,0.0,"[13.0, 1499.3333333333333]","[0.0, 530.6048959023612]","[13.0, 1499.3333333333333]","[0.0, 530.6048959023612]",0.3333333333333333,0.0336111111111111,0.1,3.8,0.001,Scipy
14,0.022890090399133003,0.005011294573881959,8.751602346177889e-07,8.752587600893803e-07,2000.0,0.0,"[104.0, 7823.666666666667]","[0.0, 1763.3722112916364]","[104.0, 7823.666666666667]","[0.0, 1763.3722112916364]",0.3333333333333333,0.0336111111111111,0.1,3.8,0.0001,FIRE
15,0.2362301269509853,0.09750180563039773,7.131391193164638e-07,8.382119440940178e-07,2000.0,0.0,"[13.0, 2427.6666666666665]","[0.0, 423.0227206926624]","[13.0, 2427.6666666666665]","[0.0, 423.0227206926624]",0.3333333333333333,0.0336111111111111,0.1,3.8,0.0001,Scipy
16,0.027564333970950105,0.011503253848104347,8.741351455707319e-07,8.744261436120439e-07,2000.0,0.0,"[104.0, 24310.666666666668]","[0.0, 607.1827475224316]","[104.0, 24310.666666666668]","[0.0, 607.1827475224316]",0.3333333333333333,0.0336111111111111,0.0333333333333333,1.2666666666666666,0.1,FIRE
17,0.30144181570838124,0.0368861566321106,5.778806678632993e-08,9.359775286305867e-08,2000.0,0.0,"[13.0, 2668.0]","[0.0, 637.5876410345483]","[13.0, 2668.0]","[0.0, 637.5876410345483]",0.3333333333333333,0.0336111111111111,0.0333333333333333,1.2666666666666666,0.1,Scipy
18,0.04108652429724976,0.008685397123116608,8.832088222666535e-07,8.887681604243296e-07,2000.0,0.0,"[104.0, 24308.666666666668]","[0.0, 1015.7326857440835]","[104.0, 24308.666666666668]","[0.0, 1015.7326857440835]",0.3333333333333333,0.0336111111111111,0.0333333333333333,1.2666666666666666,0.01,FIRE
19,0.2271003064313973,0.040079242300629356,1.6666666935449825e-09,3.726780022601391e-09,2000.0,0.0,"[13.0, 3088.0]","[0.0, 563.4631014242784]","[13.0, 3088.0]","[0.0, 563.4631014242784]",0.3333333333333333,0.0336111111111111,0.0333333333333333,1.2666666666666666,0.01,Scipy
20,0.01900516175952324,0.006316057438705198,8.988440161264249e-07,9.009787833493074e-07,2000.0,0.0,"[104.0, 22789.333333333332]","[0.0, 1200.2003536447107]","[104.0, 22789.333333333332]","[0.0, 1200.2003536447107]",0.3333333333333333,0.0336111111111111,0.0333333333333333,1.2666666666666666,0.001,FIRE
21,0.2794300861726107,0.025355401737583983,1.1423901655589297e-07,1.31780551601494e-07,2000.0,0.0,"[13.0, 3049.3333333333335]","[0.0, 774.3945305132836]","[13.0, 3049.3333333333335]","[0.0, 774.3945305132836]",0.3333333333333333,0.0336111111111111,0.0333333333333333,1.2666666666666666,0.001,Scipy
22,0.03819017642628091,0.009102766053938859,8.527967483694154e-07,8.541102813149972e-07,2000.0,0.0,"[104.0, 22419.333333333332]","[0.0, 1586.0416836332588]","[104.0, 22419.333333333332]","[0.0, 1586.0416836332588]",0.3333333333333333,0.0336111111111111,0.0333333333333333,1.2666666666666666,0.0001,FIRE
23,0.2635703696282876,0.11157325778159682,9.438846941306338e-07,9.593044446413635e-07,2000.0,0.0,"[13.0, 6854.333333333333]","[0.0, 1969.4724053805771]","[13.0, 6854.333333333333]","[0.0, 1969.4724053805771]",0.3333333333333333,0.0336111111111111,0.0333333333333333,1.2666666666666666,0.0001,Scipy
24,0.03734907762254323,0.010165270610468045,8.361301287154845e-07,8.366917440494251e-07,2000.0,0.0,"[104.0, 39167.0]","[0.0, 1862.7642541842665]","[104.0, 39167.0]","[0.0, 1862.7642541842665]",0.3333333333333333,0.0336111111111111,0.02,0.76,0.1,FIRE
25,0.2330756088624858,0.05756280759535414,3.288268548401309e-08,4.6569614567923834e-08,2000.0,0.0,"[13.0, 4712.666666666667]","[0.0, 656.4679902495035]","[13.0, 4712.666666666667]","[0.0, 656.4679902495035]",0.3333333333333333,0.0336111111111111,0.02,0.76,0.1,Scipy
26,0.038387097531225316,0.012078331569282647,8.832067136130366e-07,8.868930230931188e-07,2000.0,0.0,"[104.0, 39419.666666666664]","[0.0, 3344.0271463544605]","[104.0, 39419.666666666664]","[0.0, 3344.0271463544605]",0.3333333333333333,0.0336111111111111,0.02,0.76,0.01,FIRE
27,0.1839410358121505,0.02934414438430726,1.0641941393148704e-08,1.9665937205968636e-08,2000.0,0.0,"[13.0, 5046.666666666667]","[0.0, 911.7106022319923]","[13.0, 5046.666666666667]","[0.0, 911.7106022319923]",0.3333333333333333,0.0336111111111111,0.02,0.76,0.01,Scipy
28,0.03204884036469983,0.009076862081348478,7.947721677892004e-07,7.972999443726945e-07,2000.0,0.0,"[104.0, 35413.0]","[0.0, 1066.0834864118287]","[104.0, 35413.0]","[0.0, 1066.0834864118287]",0.3333333333333333,0.0336111111111111,0.02,0.76,0.001,FIRE
29,0.22059233083753493,0.0927437414881686,3.2873602569911705e-08,4.7637445938514734e-08,2000.0,0.0,"[13.0, 5761.0]","[0.0, 1817.5831938777017]","[13.0, 5761.0]","[0.0, 1817.5831938777017]",0.3333333333333333,0.0336111111111111,0.02,0.76,0.001,Scipy
30,0.038634000647903934,0.012535592049963091,8.738456245126289e-07,8.742008681757959e-07,2000.0,0.0,"[104.0, 31333.333333333332]","[0.0, 845.8685214355453]","[104.0, 31333.333333333332]","[0.0, 845.8685214355453]",0.3333333333333333,0.0336111111111111,0.02,0.76,0.0001,FIRE
31,0.24726762545016556,0.09342227687010894,8.501700172643589e-07,8.595023415933457e-07,2000.0,0.0,"[13.0, 8411.666666666666]","[0.0, 1237.1713256008195]","[13.0, 8411.666666666666]","[0.0, 1237.1713256008195]",0.3333333333333333,0.0336111111111111,0.02,0.76,0.0001,Scipy
32,0.03304982462513151,0.007923084455144617,8.277973305456562e-07,8.278898354087623e-07,2000.0,0.0,"[104.0, 74775.0]","[0.0, 578.2738682204711]","[104.0, 74775.0]","[0.0, 578.2738682204711]",0.3333333333333333,0.0336111111111111,0.01,0.38,0.1,FIRE
33,0.18939252999668219,0.06288866920976056,7.453559921076074e-09,1.6666666657894073e-08,2000.0,0.0,"[13.0, 7527.333333333333]","[0.0, 565.3962229170698]","[13.0, 7527.333333333333]","[0.0, 565.3962229170698]",0.3333333333333333,0.0336111111111111,0.01,0.38,0.1,Scipy
34,0.032065246923828415,0.016183163241047197,8.291127245150005e-07,8.293403544284659e-07,2000.0,0.0,"[104.0, 75186.0]","[0.0, 4702.289087951385]","[104.0, 75186.0]","[0.0, 4702.289087951385]",0.3333333333333333,0.0336111111111111,0.01,0.38,0.01,FIRE
35,0.2369215304394643,0.03887601615066764,0.0,0.0,2000.0,0.0,"[13.0, 8340.333333333334]","[0.0, 1128.7333116768057]","[13.0, 8340.333333333334]","[0.0, 1128.7333116768057]",0.3333333333333333,0.0336111111111111,0.01,0.38,0.01,Scipy
36,0.033510074193316274,0.01254220265318955,8.538166875929712e-07,8.547789562305305e-07,2000.0,0.0,"[104.0, 67480.66666666667]","[0.0, 3143.5990343695057]","[104.0, 67480.66666666667]","[0.0, 3143.5990343695057]",0.3333333333333333,0.0336111111111111,0.01,0.38,0.001,FIRE
37,0.25747016262816197,0.026152264535907233,1.490711986697749e-08,1.66666666689963e-08,2000.0,0.0,"[13.0, 8537.0]","[0.0, 1267.7483977509103]","[13.0, 8537.0]","[0.0, 1267.7483977509103]",0.3333333333333333,0.0336111111111111,0.01,0.38,0.001,Scipy
38,0.04005422413068066,0.01632866199014494,8.975278623866111e-07,8.979850052434882e-07,2000.0,0.0,"[104.0, 64092.0]","[0.0, 2634.404803113346]","[104.0, 64092.0]","[0.0, 2634.404803113346]",0.3333333333333333,0.0336111111111111,0.01,0.38,0.0001,FIRE
39,0.29918358123938654,0.0476882163517741,5.86101350715578e-07,7.124618399672274e-07,2000.0,0.0,"[13.0, 17333.666666666668]","[0.0, 1084.5940356752023]","[13.0, 17333.666666666668]","[0.0, 1084.5940356752023]",0.3333333333333333,0.0336111111111111,0.01,0.38,0.0001,Scipy
40,0.37585328474721796,0.33301079285521107,0.40189486764295407,0.40189486798936214,69.66666666666667,1.699673171197595,"[104.0, 1695.3333333333333, 9342.666666666666]","[0.0, 314.58155628637155, 382.28290861902553]","[104.0, 1695.3333333333333, 9342.666666666666]","[0.0, 314.58155628637155, 382.28290861902553]",0.2,0.0121,0.2,7.6,0.1,FIRE
41,0.36131762293423964,0.1374275008045191,0.267958604226919,0.37895069617396854,41.666666666666664,15.797327481430381,"[13.0, 398.3333333333333, 1062.3333333333333]","[0.0, 206.57901367004558, 380.5166079015329]","[13.0, 398.3333333333333, 1062.3333333333333]","[0.0, 206.57901367004558, 380.5166079015329]",0.2,0.0121,0.2,7.6,0.1,Scipy
42,0.04847715727482645,0.04498357992280284,0.4018948648497929,0.40189486519631473,61.0,15.895492023421818,"[104.0, 1729.0, 8178.666666666667]","[0.0, 365.17119273020427, 2094.823036811357]","[104.0, 1729.0, 8178.666666666667]","[0.0, 365.17119273020427, 2094.823036811357]",0.2,0.0121,0.2,7.6,0.01,FIRE
43,0.12315284821412777,0.04277366085135135,0.26792306387054327,0.37890043059937306,30.0,15.748015748023622,"[13.0, 615.6666666666666, 1268.0]","[0.0, 302.03789313410476, 740.9849301211642]","[13.0, 615.6666666666666, 1268.0]","[0.0, 302.03789313410476, 740.9849301211642]",0.2,0.0121,0.2,7.6,0.01,Scipy
44,0.11787347992100199,0.13239473286048362,0.4019002080518181,0.4019002083996407,55.333333333333336,19.189117286165672,"[104.0, 1934.3333333333333, 7705.333333333333]","[0.0, 213.7199621519296, 2728.96028227276]","[104.0, 1934.3333333333333, 7705.333333333333]","[0.0, 213.7199621519296, 2728.96028227276]",0.2,0.0121,0.2,7.6,0.001,FIRE
45,0.19127224386990335,0.12189973585347597,0.2679298007059991,0.3789099581311961,38.0,18.83259585576738,"[13.0, 619.6666666666666, 1520.6666666666667]","[0.0, 210.25434332942777, 842.5620979422756]","[13.0, 619.6666666666666, 1520.6666666666667]","[0.0, 210.25434332942777, 842.5620979422756]",0.2,0.0121,0.2,7.6,0.001,Scipy
46,0.16520376708713141,0.1427683022291277,0.40189347121636226,0.40189347160940614,65.66666666666667,13.960261060914616,"[104.0, 1979.0, 9205.333333333334]","[0.0, 178.4171142762562, 1833.2365428995306]","[104.0, 1979.0, 9205.333333333334]","[0.0, 178.4171142762562, 1833.2365428995306]",0.2,0.0121,0.2,7.6,0.0001,FIRE
47,0.2045644712604849,0.06736799252263267,0.13396126863998747,0.2995465030311228,59.666666666666664,23.328570942563587,"[13.0, 523.3333333333334, 2504.0]","[0.0, 248.67426261856875, 1043.7193109260745]","[13.0, 523.3333333333334, 2504.0]","[0.0, 248.67426261856875, 1043.7193109260745]",0.2,0.0121,0.2,7.6,0.0001,Scipy
48,0.04127107057240537,0.024275674221903062,0.4018981185560678,0.40189811866353015,113.0,13.490737563232042,"[104.0, 2909.3333333333335, 15192.333333333334]","[0.0, 155.13721525009902, 1866.8501695517923]","[104.0, 2909.3333333333335, 15192.333333333334]","[0.0, 155.13721525009902, 1866.8501695517923]",0.2,0.0121,0.1,3.8,0.1,FIRE
49,0.3033922893463832,0.21757458735335403,0.40191777773683285,0.4019177795311291,67.33333333333333,26.411277052720408,"[13.0, 1553.6666666666667, 3596.3333333333335]","[0.0, 560.2049228233857, 2253.0372586552776]","[13.0, 1553.6666666666667, 3596.3333333333335]","[0.0, 560.2049228233857, 2253.0372586552776]",0.2,0.0121,0.1,3.8,0.1,Scipy
50,0.033494520017237954,0.017280633488002742,0.40196431566068985,0.4019643356060194,105.66666666666667,29.93697082575694,"[104.0, 3219.3333333333335, 14247.333333333334]","[0.0, 189.02615927137938, 3987.635083048041]","[104.0, 3219.3333333333335, 14247.333333333334]","[0.0, 189.02615927137938, 3987.635083048041]",0.2,0.0121,0.1,3.8,0.01,FIRE
51,0.16135306640126704,0.06403914632647587,0.40191721772758804,0.40191722235614236,33.666666666666664,3.299831645537222,"[13.0, 817.6666666666666, 997.0]","[0.0, 46.33453235858639, 8.831760866327848]","[13.0, 817.6666666666666, 997.0]","[0.0, 46.33453235858639, 8.831760866327848]",0.2,0.0121,0.1,3.8,0.01,Scipy
52,0.037434103265954866,0.016722208923846262,0.40192612508901454,0.4019261283175653,123.0,18.05547008526779,"[104.0, 2821.0, 16814.0]","[0.0, 250.4808708597658, 2202.9731425205046]","[104.0, 2821.0, 16814.0]","[0.0, 250.4808708597658, 2202.9731425205046]",0.2,0.0121,0.1,3.8,0.001,FIRE
53,0.1755421896072794,0.08962810476062526,0.4019268768216344,0.40192688023594303,58.333333333333336,20.548046676563256,"[13.0, 758.6666666666666, 2244.6666666666665]","[0.0, 148.4505155112489, 965.6453225117848]","[13.0, 758.6666666666666, 2244.6666666666665]","[0.0, 148.4505155112489, 965.6453225117848]",0.2,0.0121,0.1,3.8,0.001,Scipy
54,0.0851749645503364,0.12959835896536315,0.4018959793872788,0.40189597967087093,137.33333333333334,7.930251502246879,"[104.0, 2716.3333333333335, 18862.666666666668]","[0.0, 357.21173304109453, 802.1057009868185]","[104.0, 2716.3333333333335, 18862.666666666668]","[0.0, 357.21173304109453, 802.1057009868185]",0.2,0.0121,0.1,3.8,0.0001,FIRE
55,0.14328131823034293,0.04374138592353599,0.40189598818942357,0.4018959884736741,69.66666666666667,18.979521127315678,"[13.0, 1236.0, 3638.3333333333335]","[0.0, 356.5678990973061, 1543.0187584371388]","[13.0, 1236.0, 3638.3333333333335]","[0.0, 356.5678990973061, 1543.0187584371388]",0.2,0.0121,0.1,3.8,0.0001,Scipy
56,0.0777610067142737,0.10417157485428341,0.40189145122598263,0.4018914512795392,315.3333333333333,7.408703590297622,"[104.0, 9054.0, 44798.333333333336]","[0.0, 546.2655032124947, 884.8790250022253]","[104.0, 9054.0, 44798.333333333336]","[0.0, 546.2655032124947, 884.8790250022253]",0.2,0.0121,0.0333333333333333,1.2666666666666666,0.1,FIRE
57,0.3614253092976858,0.2879058829505325,0.4018883015810764,0.40188830159974553,106.66666666666667,33.47967874530592,"[13.0, 2610.0, 3777.6666666666665]","[0.0, 315.1422959024489, 692.512976212159]","[13.0, 2610.0, 3777.6666666666665]","[0.0, 315.1422959024489, 692.512976212159]",0.2,0.0121,0.0333333333333333,1.2666666666666666,0.1,Scipy
58,0.03314759034720989,0.010734524422390266,0.40190844108765456,0.4019084415467623,278.3333333333333,19.618585292749547,"[104.0, 8533.333333333334, 38176.333333333336]","[0.0, 720.0464491190056, 3578.296459987009]","[104.0, 8533.333333333334, 38176.333333333336]","[0.0, 720.0464491190056, 3578.296459987009]",0.2,0.0121,0.0333333333333333,1.2666666666666666,0.01,FIRE
59,0.15976647341750497,0.09146634341878915,0.4019022984741438,0.4019022993409124,102.33333333333333,26.948510575210317,"[13.0, 2664.3333333333335, 3538.6666666666665]","[0.0, 173.497998707638, 632.7302391663887]","[13.0, 2664.3333333333335, 3538.6666666666665]","[0.0, 173.497998707638, 632.7302391663887]",0.2,0.0121,0.0333333333333333,1.2666666666666666,0.01,Scipy
60,0.03256477524669104,0.015163913393749404,0.4018921576892695,0.40189215771605075,309.6666666666667,22.484562605386735,"[104.0, 8538.0, 42015.666666666664]","[0.0, 524.8510899928348, 4373.808739404239]","[104.0, 8538.0, 42015.666666666664]","[0.0, 524.8510899928348, 4373.808739404239]",0.2,0.0121,0.0333333333333333,1.2666666666666666,0.001,FIRE
61,0.11981865431135215,0.05563826719467431,0.4018940317566229,0.4018940319841672,132.33333333333334,20.548046676563256,"[13.0, 2277.0, 4592.333333333333]","[0.0, 561.6766566866266, 936.9914027828052]","[13.0, 2277.0, 4592.333333333333]","[0.0, 561.6766566866266, 936.9914027828052]",0.2,0.0121,0.0333333333333333,1.2666666666666666,0.001,Scipy
62,0.04153413258792562,0.01693451491686285,0.40189186732113713,0.40189186734730653,324.0,15.121728296285006,"[104.0, 7185.0, 42942.0]","[0.0, 222.6941100852617, 2431.447853988785]","[104.0, 7185.0, 42942.0]","[0.0, 222.6941100852617, 2431.447853988785]",0.2,0.0121,0.0333333333333333,1.2666666666666666,0.0001,FIRE
63,0.14791938213539463,0.06988110167162243,0.26792781397792015,0.37890714829339084,229.33333333333334,153.57372460446769,"[13.0, 2428.3333333333335, 7702.0]","[0.0, 326.3130739370125, 4681.487797698505]","[13.0, 2428.3333333333335, 7702.0]","[0.0, 326.3130739370125, 4681.487797698505]",0.2,0.0121,0.0333333333333333,1.2666666666666666,0.0001,Scipy
64,0.0762556974153637,0.10922353294479066,0.4018892922384693,0.401889292240664,536.6666666666666,19.601587237318874,"[104.0, 14724.333333333334, 77095.66666666667]","[0.0, 553.0788571462682, 2488.128122817544]","[104.0, 14724.333333333334, 77095.66666666667]","[0.0, 553.0788571462682, 2488.128122817544]",0.2,0.0121,0.02,0.76,0.1,FIRE
65,0.2973721437689521,0.21835928356130854,0.40188565995495423,0.4018856600032905,159.33333333333334,52.21962168465882,"[13.0, 2707.6666666666665, 5954.666666666667]","[0.0, 322.7737425641821, 2159.9139386147363]","[13.0, 2707.6666666666665, 5954.666666666667]","[0.0, 322.7737425641821, 2159.9139386147363]",0.2,0.0121,0.02,0.76,0.1,Scipy
66,0.04252133894972316,0.016748697803656003,0.4018948147488594,0.4018948148954658,582.6666666666666,15.3260852434302,"[104.0, 13743.333333333334, 78274.0]","[0.0, 710.8991177062717, 2427.9655406670554]","[104.0, 13743.333333333334, 78274.0]","[0.0, 710.8991177062717, 2427.9655406670554]",0.2,0.0121,0.02,0.76,0.01,FIRE
67,0.1083712809959042,0.040078120897903566,0.4018899619060732,0.40188996193502635,123.33333333333333,24.796953217863052,"[13.0, 4854.0, 5810.666666666667]","[0.0, 1053.840911459916, 1366.2152913147409]","[13.0, 4854.0, 5810.666666666667]","[0.0, 1053.840911459916, 1366.2152913147409]",0.2,0.0121,0.02,0.76,0.01,Scipy
68,0.03122361003977209,0.021167883997515638,0.4018888464559522,0.40188884646180156,567.0,46.396838972786355,"[104.0, 13101.666666666666, 74604.33333333333]","[0.0, 336.60494483725114, 7253.368382268261]","[104.0, 13101.666666666666, 74604.33333333333]","[0.0, 336.60494483725114, 7253.368382268261]",0.2,0.0121,0.02,0.76,0.001,FIRE
69,0.12620925826043028,0.07412496903004545,0.2679290021087075,0.3789088285838037,242.66666666666666,106.69062230997103,"[13.0, 2738.0, 6165.666666666667]","[0.0, 257.37650760445615, 2028.8683764327566]","[13.0, 2738.0, 6165.666666666667]","[0.0, 257.37650760445615, 2028.8683764327566]",0.2,0.0121,0.02,0.76,0.001,Scipy
70,0.027125442365898162,0.013032195803019475,0.40189109930563066,0.4018910993174071,564.0,51.77515491687752,"[104.0, 12258.666666666666, 75402.0]","[0.0, 361.96715627556904, 8635.965840599418]","[104.0, 12258.666666666666, 75402.0]","[0.0, 361.96715627556904, 8635.965840599418]",0.2,0.0121,0.02,0.76,0.0001,FIRE
71,0.19219123215845405,0.11146715050560191,0.4019018338704883,0.4019018344529558,206.66666666666666,27.776888874666213,"[13.0, 3780.0, 6949.0]","[0.0, 1266.5372740928972, 2595.993194649529]","[13.0, 3780.0, 6949.0]","[0.0, 1266.5372740928972, 2595.993194649529]",0.2,0.0121,0.02,0.76,0.0001,Scipy
72,0.06960661306063116,0.0680484858500026,0.40189557878897064,0.40189557880463894,1072.3333333333333,23.156472577277878,"[104.0, 28097.333333333332, 159143.0]","[0.0, 342.8287554385652, 3336.3274219816417]","[104.0, 28097.333333333332, 159143.0]","[0.0, 342.8287554385652, 3336.3274219816417]",0.2,0.0121,0.01,0.38,0.1,FIRE
73,0.36467988953173697,0.2700590763395969,0.40188412074610963,0.40188412075324764,224.0,31.63331577098213,"[13.0, 6992.666666666667, 8950.333333333334]","[0.0, 1328.3258469048758, 909.9045126947236]","[13.0, 6992.666666666667, 8950.333333333334]","[0.0, 1328.3258469048758, 909.9045126947236]",0.2,0.0121,0.01,0.38,0.1,Scipy
74,0.05024418509443126,0.0127958927241485,0.40190332277298485,0.4019033230475146,1061.6666666666667,18.83849486792639,"[104.0, 28232.333333333332, 149671.66666666666]","[0.0, 390.54690997227067, 3059.5875902190187]","[104.0, 28232.333333333332, 149671.66666666666]","[0.0, 390.54690997227067, 3059.5875902190187]",0.2,0.0121,0.01,0.38,0.01,FIRE
75,0.1402626845102273,0.040354026327895684,0.40189148935531427,0.4018914893888322,242.0,20.215505600075073,"[13.0, 7253.333333333333, 7611.0]","[0.0, 1246.0383443359822, 1248.4240732486164]","[13.0, 7253.333333333333, 7611.0]","[0.0, 1246.0383443359822, 1248.4240732486164]",0.2,0.0121,0.01,0.38,0.01,Scipy
76,0.029779540761780784,0.017435822398143615,0.40189766670026345,0.4018976667904944,1093.3333333333333,27.920522121829233,"[104.0, 25800.0, 147746.33333333334]","[0.0, 1429.9489501377313, 3266.401111655184]","[104.0, 25800.0, 147746.33333333334]","[0.0, 1429.9489501377313, 3266.401111655184]",0.2,0.0121,0.01,0.38,0.001,FIRE
77,0.13923221856770615,0.09720306469189408,0.40188799646585505,0.40188799646915013,412.0,46.007245806140865,"[13.0, 6033.333333333333, 10660.0]","[0.0, 785.5759387580272, 220.2014229442368]","[13.0, 6033.333333333333, 10660.0]","[0.0, 785.5759387580272, 220.2014229442368]",0.2,0.0121,0.01,0.38,0.001,Scipy
78,0.030334944895630312,0.017836733329402683,0.4018922092978958,0.40189220931355674,1120.6666666666667,34.451253807211266,"[104.0, 22001.333333333332, 149861.66666666666]","[0.0, 746.3977194201195, 4650.389398271456]","[104.0, 22001.333333333332, 149861.66666666666]","[0.0, 746.3977194201195, 4650.389398271456]",0.2,0.0121,0.01,0.38,0.0001,FIRE
79,0.36589794029218375,0.4451873711582755,0.26792314497277725,0.37890054529671063,605.0,429.71851251720585,"[13.0, 6853.333333333333, 16458.666666666668]","[0.0, 976.5914646815672, 10584.575643621974]","[13.0, 6853.333333333333, 16458.666666666668]","[0.0, 976.5914646815672, 10584.575643621974]",0.2,0.0121,0.01,0.38,0.0001,Scipy
80,0.542488768275133,0.22986827875137736,0.40188165613613713,0.40188165613613763,167.0,35.33647784749729,"[104.0, 2678.6666666666665, 22173.0]","[0.0, 738.5401516204488, 4749.317705383234]","[104.0, 2678.6666666666665, 22173.0]","[0.0, 738.5401516204488, 4749.317705383234]",0.125,0.0047265625,0.2,7.6,0.1,FIRE
81,0.32597828654631356,0.21829080357036162,0.401881642234758,0.401881642234758,25.0,4.08248290463863,"[13.0, 1266.0, 1625.6666666666667]","[0.0, 176.50684594844097, 180.43342878253526]","[13.0, 1266.0, 1625.6666666666667]","[0.0, 176.50684594844097, 180.43342878253526]",0.125,0.0047265625,0.2,7.6,0.1,Scipy
82,0.2693571488804396,0.1483793799461164,0.40188164593749987,0.4018816459374999,176.66666666666666,13.888444437333106,"[104.0, 3607.3333333333335, 23730.333333333332]","[0.0, 253.49600040675637, 1996.7288804998595]","[104.0, 3607.3333333333335, 23730.333333333332]","[0.0, 253.49600040675637, 1996.7288804998595]",0.125,0.0047265625,0.2,7.6,0.01,FIRE
83,0.21714419492518303,0.07536033065809838,0.2679210951263682,0.378897646373562,54.0,32.69046751985457,"[13.0, 532.0, 1840.6666666666667]","[0.0, 224.54101332867157, 815.9748089793513]","[13.0, 532.0, 1840.6666666666667]","[0.0, 224.54101332867157, 815.9748089793513]",0.125,0.0047265625,0.2,7.6,0.01,Scipy
84,0.2069313139008507,0.10262914056016274,0.40188164363133466,0.4018816436313347,159.66666666666666,13.912424503139471,"[104.0, 3705.0, 21559.333333333332]","[0.0, 368.30784225518016, 1824.1025799615059]","[104.0, 3705.0, 21559.333333333332]","[0.0, 368.30784225518016, 1824.1025799615059]",0.125,0.0047265625,0.2,7.6,0.001,FIRE
85,0.4607556843864211,0.4350288851464616,0.2679210965229448,0.37889764834861966,74.0,49.50420857529859,"[13.0, 1361.3333333333333, 4819.0]","[0.0, 683.0916645825963, 3437.13165299207]","[13.0, 1361.3333333333333, 4819.0]","[0.0, 683.0916645825963, 3437.13165299207]",0.125,0.0047265625,0.2,7.6,0.001,Scipy
86,0.42079541033039924,0.3419013233651399,0.4018816482436651,0.4018816482436651,168.33333333333334,7.363574011458174,"[104.0, 3246.3333333333335, 23649.0]","[0.0, 219.89290322538582, 999.4641897870412]","[104.0, 3246.3333333333335, 23649.0]","[0.0, 219.89290322538582, 999.4641897870412]",0.125,0.0047265625,0.2,7.6,0.0001,FIRE
87,0.2458696309524219,0.12077551117592183,0.40188164454092323,0.4018816445409233,59.333333333333336,7.71722460186015,"[13.0, 1448.0, 3867.3333333333335]","[0.0, 403.9438904930568, 946.5010418495175]","[13.0, 1448.0, 3867.3333333333335]","[0.0, 403.9438904930568, 946.5010418495175]",0.125,0.0047265625,0.2,7.6,0.0001,Scipy
88,0.5963090850474563,0.15621951078319715,0.4018816454505118,0.40188164545051186,259.0,28.296053906272277,"[104.0, 6438.666666666667, 34380.0]","[0.0, 1045.6367544334994, 3384.92215567803]","[104.0, 6438.666666666667, 34380.0]","[0.0, 1045.6367544334994, 3384.92215567803]",0.125,0.0047265625,0.1,3.8,0.1,FIRE
89,0.6353362191686683,0.3722359498423358,0.2679210942167796,0.3788976450872095,102.33333333333333,49.8085222516076,"[13.0, 1097.0, 3732.6666666666665]","[0.0, 267.81087854429416, 2765.568577265]","[13.0, 1097.0, 3732.6666666666665]","[0.0, 267.81087854429416, 2765.568577265]",0.125,0.0047265625,0.1,3.8,0.1,Scipy
90,0.04198538797429394,0.013101775145174641,0.40188164454092323,0.4018816445409233,273.3333333333333,23.6267268622258,"[104.0, 6021.666666666667, 36815.666666666664]","[0.0, 776.0297817881877, 2326.955426207291]","[104.0, 6021.666666666667, 36815.666666666664]","[0.0, 776.0297817881877, 2326.955426207291]",0.125,0.0047265625,0.1,3.8,0.01,FIRE
91,0.17359013102056664,0.09285554990475285,0.2679210965229448,0.3788976483486197,98.33333333333333,59.4100627466051,"[13.0, 2237.0, 4454.333333333333]","[0.0, 1654.4439146331515, 2717.012125274543]","[13.0, 2237.0, 4454.333333333333]","[0.0, 1654.4439146331515, 2717.012125274543]",0.125,0.0047265625,0.1,3.8,0.01,Scipy
92,0.06768833654008861,0.05449117286147718,0.40188164454092323,0.4018816445409233,239.33333333333334,6.599663291074443,"[104.0, 6247.333333333333, 32745.666666666668]","[0.0, 695.4616372517529, 1104.4112559287967]","[104.0, 6247.333333333333, 32745.666666666668]","[0.0, 695.4616372517529, 1104.4112559287967]",0.125,0.0047265625,0.1,3.8,0.001,FIRE
93,0.16204824221712094,0.12601075253064895,0.2679210951263682,0.37889764637356205,117.0,96.66436778875658,"[13.0, 2382.0, 5676.333333333333]","[0.0, 317.05625158111405, 4506.016299225835]","[13.0, 2382.0, 5676.333333333333]","[0.0, 317.05625158111405, 4506.016299225835]",0.125,0.0047265625,0.1,3.8,0.001,Scipy
94,0.07393092025150819,0.05935292261489731,0.40188164593749987,0.4018816459374999,235.0,11.575836902790225,"[104.0, 6637.0, 32865.666666666664]","[0.0, 542.9297069296049, 2092.2259809962106]","[104.0, 6637.0, 32865.666666666664]","[0.0, 542.9297069296049, 2092.2259809962106]",0.125,0.0047265625,0.1,3.8,0.0001,FIRE
95,0.18725477672516355,0.10915906051569398,0.13396054850496647,0.2995448927602628,158.66666666666666,70.05870554201114,"[13.0, 1869.3333333333333, 8746.333333333334]","[0.0, 1061.965891898396, 4125.2672910033625]","[13.0, 1869.3333333333333, 8746.333333333334]","[0.0, 1061.965891898396, 4125.2672910033625]",0.125,0.0047265625,0.1,3.8,0.0001,Scipy
96,0.7122709555929482,0.10252865946994501,0.40188165012722993,0.4018816501272301,758.6666666666666,42.28737662970148,"[104.0, 16932.333333333332, 103344.66666666667]","[0.0, 1018.3065462925309, 5839.781807187282]","[104.0, 16932.333333333332, 103344.66666666667]","[0.0, 1018.3065462925309, 5839.781807187282]",0.125,0.0047265625,0.0333333333333333,1.2666666666666666,0.1,FIRE
97,0.49417626083427374,0.3110987099428357,0.2679210942167796,0.3788976450872095,267.0,213.23383096184963,"[13.0, 4572.0, 10007.333333333334]","[0.0, 885.4637203183426, 7734.222750577821]","[13.0, 4572.0, 10007.333333333334]","[0.0, 885.4637203183426, 7734.222750577821]",0.125,0.0047265625,0.0333333333333333,1.2666666666666666,0.1,Scipy
98,0.03416205857472128,0.010108576473326908,0.40188165103681855,0.40188165103681883,704.6666666666666,4.642796092394707,"[104.0, 18026.666666666668, 98035.66666666667]","[0.0, 907.7717530059831, 1493.50981100077]","[104.0, 18026.666666666668, 98035.66666666667]","[0.0, 907.7717530059831, 1493.50981100077]",0.125,0.0047265625,0.0333333333333333,1.2666666666666666,0.01,FIRE
99,0.09952229116725297,0.044088829584057763,0.40188164363133466,0.40188164363133466,123.33333333333333,29.892399628593814,"[13.0, 4500.333333333333, 5077.0]","[0.0, 1415.5244807333977, 1758.108074038681]","[13.0, 4500.333333333333, 5077.0]","[0.0, 1415.5244807333977, 1758.108074038681]",0.125,0.0047265625,0.0333333333333333,1.2666666666666666,0.01,Scipy
100,0.03984680472821142,0.01925362484981828,0.40188164363133466,0.4018816436313347,690.0,27.796882319185844,"[104.0, 17909.333333333332, 98737.0]","[0.0, 370.6906467063278, 3564.1027856483975]","[104.0, 17909.333333333332, 98737.0]","[0.0, 370.6906467063278, 3564.1027856483975]",0.125,0.0047265625,0.0333333333333333,1.2666666666666666,0.001,FIRE
101,0.10116849096827742,0.045132430181378504,0.4018816413251694,0.4018816413251694,155.0,14.514360704718161,"[13.0, 4586.666666666667, 6629.333333333333]","[0.0, 903.12875912328, 1604.207454026927]","[13.0, 4586.666666666667, 6629.333333333333]","[0.0, 903.12875912328, 1604.207454026927]",0.125,0.0047265625,0.0333333333333333,1.2666666666666666,0.001,Scipy
102,0.04108057444538928,0.01068243535621117,0.40188164593749987,0.4018816459374999,734.3333333333334,17.172329163188344,"[104.0, 18315.0, 105265.66666666667]","[0.0, 1207.1064576084414, 2318.1749047233016]","[104.0, 18315.0, 105265.66666666667]","[0.0, 1207.1064576084414, 2318.1749047233016]",0.125,0.0047265625,0.0333333333333333,1.2666666666666666,0.0001,FIRE
103,0.15576053403831916,0.09808075471809673,0.4018816459374999,0.4018816459375,225.0,61.38403701289123,"[13.0, 6731.666666666667, 10789.333333333334]","[0.0, 656.1332859174947, 2374.9549235488425]","[13.0, 6731.666666666667, 10789.333333333334]","[0.0, 656.1332859174947, 2374.9549235488425]",0.125,0.0047265625,0.0333333333333333,1.2666666666666666,0.0001,Scipy
104,0.7459367443789603,0.07456296649224198,0.4018816468470885,0.4018816468470885,1244.0,37.58545818087983,"[104.0, 30266.666666666668, 173981.0]","[0.0, 1736.6892512926877, 3645.80644942469]","[104.0, 30266.666666666668, 173981.0]","[0.0, 1736.6892512926877, 3645.80644942469]",0.125,0.0047265625,0.02,0.76,0.1,FIRE
105,0.6609716105917876,0.3612327446766987,0.2679210942167796,0.3788976450872095,400.6666666666667,284.90739236148687,"[13.0, 6762.0, 15570.0]","[0.0, 365.53248829618417, 10519.606107961774]","[13.0, 6762.0, 15570.0]","[0.0, 365.53248829618417, 10519.606107961774]",0.125,0.0047265625,0.02,0.76,0.1,Scipy
106,0.03596601267000785,0.016276457736543553,0.4018816524333952,0.40188165243339513,1221.0,27.27636339397171,"[104.0, 28978.666666666668, 173313.33333333334]","[0.0, 1332.0666483158998, 2138.2554155718217]","[104.0, 28978.666666666668, 173313.33333333334]","[0.0, 1332.0666483158998, 2138.2554155718217]",0.125,0.0047265625,0.02,0.76,0.01,FIRE
107,0.10533356796928646,0.08304458058984117,0.13396054941455504,0.29954489479416474,581.0,267.34621747838514,"[13.0, 7452.666666666667, 22441.333333333332]","[0.0, 3129.8839524103055, 8628.517846201757]","[13.0, 7452.666666666667, 22441.333333333332]","[0.0, 3129.8839524103055, 8628.517846201757]",0.125,0.0047265625,0.02,0.76,0.01,Scipy
108,0.04100842140217978,0.017543878731072986,0.40188164454092323,0.4018816445409233,1180.6666666666667,20.07209228976613,"[104.0, 27381.666666666668, 170185.33333333334]","[0.0, 1502.2492765479665, 2120.3486086542994]","[104.0, 27381.666666666668, 170185.33333333334]","[0.0, 1502.2492765479665, 2120.3486086542994]",0.125,0.0047265625,0.02,0.76,0.001,FIRE
109,0.12060373264848916,0.04277401402461688,0.2679210942167796,0.3788976450872095,491.0,210.56748720224275,"[13.0, 6833.333333333333, 18347.0]","[0.0, 740.4617178190616, 7449.241974858918]","[13.0, 6833.333333333333, 18347.0]","[0.0, 740.4617178190616, 7449.241974858918]",0.125,0.0047265625,0.02,0.76,0.001,Scipy
110,0.03614111331435492,0.015319140865943137,0.4018816496402418,0.4018816496402418,1191.3333333333333,37.959042254631356,"[104.0, 28392.0, 175128.66666666666]","[0.0, 531.4759323494026, 7140.347906245341]","[104.0, 28392.0, 175128.66666666666]","[0.0, 531.4759323494026, 7140.347906245341]",0.125,0.0047265625,0.02,0.76,0.0001,FIRE
111,0.18162086477613595,0.11053978327926087,0.13396054877505648,0.29954488889206654,717.3333333333334,372.1615539281593,"[13.0, 4319.333333333333, 25627.333333333332]","[0.0, 1493.1957525909172, 12964.14433050721]","[13.0, 4319.333333333333, 25627.333333333332]","[0.0, 1493.1957525909172, 12964.14433050721]",0.125,0.0047265625,0.02,0.76,0.0001,Scipy
112,0.692048644029569,0.02847578174933422,0.4018816468470885,0.4018816468470885,2000.0,0.0,"[104.0, 60775.0]","[0.0, 785.7561114408635]","[104.0, 60775.0]","[0.0, 785.7561114408635]",0.125,0.0047265625,0.01,0.38,0.1,FIRE
113,0.6870014114758664,0.3477634771302009,0.13396054877505648,0.29954488889206654,1071.6666666666667,560.5148427016799,"[13.0, 11260.0, 40897.666666666664]","[0.0, 2653.1841247828993, 22455.02245724897]","[13.0, 11260.0, 40897.666666666664]","[0.0, 2653.1841247828993, 22455.02245724897]",0.125,0.0047265625,0.01,0.38,0.1,Scipy
114,0.018426328473089133,0.007673642172470966,0.4018816496402418,0.4018816496402418,2000.0,0.0,"[104.0, 58550.0]","[0.0, 3071.263909207413]","[104.0, 58550.0]","[0.0, 3071.263909207413]",0.125,0.0047265625,0.01,0.38,0.01,FIRE
115,0.10495355142601343,0.05020299679018545,0.4018816413251694,0.4018816413251694,319.0,29.698484809834994,"[13.0, 11199.333333333334, 11669.333333333334]","[0.0, 3096.2629446192423, 2811.1702584906207]","[13.0, 11199.333333333334, 11669.333333333334]","[0.0, 3096.2629446192423, 2811.1702584906207]",0.125,0.0047265625,0.01,0.38,0.01,Scipy
116,0.016312038466018603,0.015120593508259849,0.4018816538299719,0.4018816538299719,2000.0,0.0,"[104.0, 57769.666666666664]","[0.0, 544.8977477982044]","[104.0, 57769.666666666664]","[0.0, 544.8977477982044]",0.125,0.0047265625,0.01,0.38,0.001,FIRE
117,0.08483869067411472,0.0569710329526968,0.4018816450279113,0.4018816450279113,497.3333333333333,69.20661496963679,"[13.0, 13099.666666666666, 16333.333333333334]","[0.0, 2093.3382165548137, 1213.256041494219]","[13.0, 13099.666666666666, 16333.333333333334]","[0.0, 2093.3382165548137, 1213.256041494219]",0.125,0.0047265625,0.01,0.38,0.001,Scipy
118,0.012349914418850139,0.0067310745152522064,0.40188165103681844,0.4018816510368185,2000.0,0.0,"[104.0, 52899.333333333336]","[0.0, 546.0404950388041]","[104.0, 52899.333333333336]","[0.0, 546.0404950388041]",0.125,0.0047265625,0.01,0.38,0.0001,FIRE
119,0.08714914835470512,0.040160933826535315,0.40188164454092323,0.4018816445409233,563.3333333333334,76.13292469242346,"[13.0, 13641.0, 19635.666666666668]","[0.0, 1225.0314281682736, 3086.030063942274]","[13.0, 13641.0, 19635.666666666668]","[0.0, 1225.0314281682736, 3086.030063942274]",0.125,0.0047265625,0.01,0.38,0.0001,Scipy
120,0.5850550890586317,0.18479801063609194,0.4018816436313346,0.4018816436313347,242.0,4.898979485566356,"[104.0, 5437.333333333333, 30945.333333333332]","[0.0, 1368.766922777172, 733.1622527714372]","[104.0, 5437.333333333333, 30945.333333333332]","[0.0, 1368.766922777172, 733.1622527714372]",0.1,0.003025,0.2,7.6,0.1,FIRE
121,0.5406086615046474,0.24014167485187915,0.401881642234758,0.401881642234758,64.66666666666667,25.590796956892312,"[13.0, 1614.6666666666667, 3559.0]","[0.0, 495.1291638440306, 1100.5756069742172]","[13.0, 1614.6666666666667, 3559.0]","[0.0, 495.1291638440306, 1100.5756069742172]",0.1,0.003025,0.2,7.6,0.1,Scipy
122,0.15966093241976012,0.15162098020705855,0.40188164454092323,0.4018816445409233,207.33333333333334,51.95724738239657,"[104.0, 4597.333333333333, 27582.666666666668]","[0.0, 386.24459722938377, 6785.068623250779]","[104.0, 4597.333333333333, 27582.666666666668]","[0.0, 386.24459722938377, 6785.068623250779]",0.1,0.003025,0.2,7.6,0.01,FIRE
123,0.17118743609683965,0.06940715602881087,0.4018816413251694,0.4018816413251694,54.666666666666664,19.601587237318874,"[13.0, 948.0, 2136.6666666666665]","[0.0, 344.7965583741617, 1019.3207978300496]","[13.0, 948.0, 2136.6666666666665]","[0.0, 344.7965583741617, 1019.3207978300496]",0.1,0.003025,0.2,7.6,0.01,Scipy
124,0.21381998635609087,0.1685877299226041,0.40188164593749987,0.4018816459374999,210.0,19.131126469708992,"[104.0, 4508.0, 28580.333333333332]","[0.0, 717.2675000769704, 2483.343087229167]","[104.0, 4508.0, 28580.333333333332]","[0.0, 717.2675000769704, 2483.343087229167]",0.1,0.003025,0.2,7.6,0.001,FIRE
125,0.22906389166910582,0.12203690541689194,0.4018816413251694,0.4018816413251694,48.666666666666664,13.021349989749739,"[13.0, 1691.6666666666667, 2618.6666666666665]","[0.0, 413.1515729393054, 949.095124608464]","[13.0, 1691.6666666666667, 2618.6666666666665]","[0.0, 413.1515729393054, 949.095124608464]",0.1,0.003025,0.2,7.6,0.001,Scipy
126,0.3203300378684841,0.23718443477724094,0.4018816459374999,0.4018816459374999,223.0,19.8158185969358,"[104.0, 5849.666666666667, 30910.0]","[0.0, 1472.731777646184, 2632.4153674271593]","[104.0, 5849.666666666667, 30910.0]","[0.0, 1472.731777646184, 2632.4153674271593]",0.1,0.003025,0.2,7.6,0.0001,FIRE
127,0.2579126315453447,0.09718304035977561,0.401881642234758,0.401881642234758,84.66666666666667,35.64952859280034,"[13.0, 2453.0, 4470.333333333333]","[0.0, 371.08040458459493, 1490.2877425368415]","[13.0, 2453.0, 4470.333333333333]","[0.0, 371.08040458459493, 1490.2877425368415]",0.1,0.003025,0.2,7.6,0.0001,Scipy
128,0.7933185682522733,0.10126807200477447,0.401881642234758,0.401881642234758,366.0,115.73533024390895,"[104.0, 8420.333333333334, 47517.0]","[0.0, 399.27962911000384, 15156.10671203745]","[104.0, 8420.333333333334, 47517.0]","[0.0, 399.27962911000384, 15156.10671203745]",0.1,0.003025,0.1,3.8,0.1,FIRE
129,0.6578116171709696,0.13615508587253888,0.2679210951263682,0.37889764637356205,175.66666666666666,87.24422935389798,"[13.0, 2044.3333333333333, 7201.333333333333]","[0.0, 982.4287364599136, 4475.468417445883]","[13.0, 2044.3333333333333, 7201.333333333333]","[0.0, 982.4287364599136, 4475.468417445883]",0.1,0.003025,0.1,3.8,0.1,Scipy
130,0.09305228249317231,0.12210902746483095,0.40188164363133466,0.4018816436313347,341.0,101.09731285581564,"[104.0, 9237.666666666666, 45661.0]","[0.0, 1469.5523883898193, 13487.096129263704]","[104.0, 9237.666666666666, 45661.0]","[0.0, 1469.5523883898193, 13487.096129263704]",0.1,0.003025,0.1,3.8,0.01,FIRE
131,0.21203273773714226,0.2713333294961558,0.13396054877505648,0.29954488889206654,195.0,87.3040663428686,"[13.0, 2096.6666666666665, 8233.333333333334]","[0.0, 687.1372174140733, 3530.521617111116]","[13.0, 2096.6666666666665, 8233.333333333334]","[0.0, 687.1372174140733, 3530.521617111116]",0.1,0.003025,0.1,3.8,0.01,Scipy
132,0.03583587559801366,0.022357499230892135,0.40188164454092323,0.4018816445409233,337.0,35.33647784749729,"[104.0, 10152.0, 45461.333333333336]","[0.0, 853.9215420634381, 4732.792363452632]","[104.0, 10152.0, 45461.333333333336]","[0.0, 853.9215420634381, 4732.792363452632]",0.1,0.003025,0.1,3.8,0.001,FIRE
133,0.22547781779588502,0.06325082181484892,0.2679210942167796,0.3788976450872095,177.0,104.71230427541295,"[13.0, 3927.0, 9024.333333333334]","[0.0, 655.3248558285171, 4307.231851458918]","[13.0, 3927.0, 9024.333333333334]","[0.0, 655.3248558285171, 4307.231851458918]",0.1,0.003025,0.1,3.8,0.001,Scipy
134,0.1394537588129863,0.132440881356598,0.4018816482436651,0.4018816482436651,434.6666666666667,36.077077979730504,"[104.0, 10161.666666666666, 59885.666666666664]","[0.0, 391.32367960835467, 4736.148247492071]","[104.0, 10161.666666666666, 59885.666666666664]","[0.0, 391.32367960835467, 4736.148247492071]",0.1,0.003025,0.1,3.8,0.0001,FIRE
135,0.31922332458559816,0.21720824570439579,0.4018816413251694,0.4018816413251694,117.66666666666667,17.13346303452853,"[13.0, 3473.3333333333335, 6000.333333333333]","[0.0, 133.86892428375188, 1083.5572076370597]","[13.0, 3473.3333333333335, 6000.333333333333]","[0.0, 133.86892428375188, 1083.5572076370597]",0.1,0.003025,0.1,3.8,0.0001,Scipy
136,0.7575098459447385,0.09655239389093462,0.4018816482436651,0.4018816482436651,1082.3333333333333,83.0434959658023,"[104.0, 24746.666666666668, 142209.66666666666]","[0.0, 1425.2186576880833, 10714.223951779657]","[104.0, 24746.666666666668, 142209.66666666666]","[0.0, 1425.2186576880833, 10714.223951779657]",0.1,0.003025,0.0333333333333333,1.2666666666666666,0.1,FIRE
137,0.7349572600860529,0.16717825976497497,0.2679210965229448,0.3788976483486197,408.0,218.28421839427605,"[13.0, 6299.0, 17341.333333333332]","[0.0, 444.2394249350981, 7460.371095923371]","[13.0, 6299.0, 17341.333333333332]","[0.0, 444.2394249350981, 7460.371095923371]",0.1,0.003025,0.0333333333333333,1.2666666666666666,0.1,Scipy
138,0.16050701916482019,0.2766109672690298,0.4018816468470885,0.4018816468470885,1138.0,62.8702367314349,"[104.0, 24580.0, 153269.33333333334]","[0.0, 1568.1692085571208, 8262.091758279026]","[104.0, 24580.0, 153269.33333333334]","[0.0, 1568.1692085571208, 8262.091758279026]",0.1,0.003025,0.0333333333333333,1.2666666666666666,0.01,FIRE
139,0.08761554508765441,0.07337309110311273,0.2679210942167796,0.3788976450872095,341.6666666666667,234.93166855255785,"[13.0, 5546.666666666667, 14392.666666666666]","[0.0, 676.4344429104386, 10506.95291488239]","[13.0, 5546.666666666667, 14392.666666666666]","[0.0, 676.4344429104386, 10506.95291488239]",0.1,0.003025,0.0333333333333333,1.2666666666666666,0.01,Scipy
140,0.03484676619599742,0.012474214384873884,0.4018816450279113,0.4018816450279113,1095.0,42.00793575821915,"[104.0, 25053.666666666668, 153017.0]","[0.0, 918.3522684073301, 5953.991658263107]","[104.0, 25053.666666666668, 153017.0]","[0.0, 918.3522684073301, 5953.991658263107]",0.1,0.003025,0.0333333333333333,1.2666666666666666,0.001,FIRE
141,0.11886554556266025,0.112663698801313,0.2679210951263682,0.37889764637356205,401.0,302.51721714088717,"[13.0, 6334.0, 16626.333333333332]","[0.0, 1291.1041786006272, 10754.10028263122]","[13.0, 6334.0, 16626.333333333332]","[0.0, 1291.1041786006272, 10754.10028263122]",0.1,0.003025,0.0333333333333333,1.2666666666666666,0.001,Scipy
142,0.045833331115270104,0.018149568223422032,0.40188164363133466,0.4018816436313347,1096.0,120.45192678685828,"[104.0, 24151.0, 155619.0]","[0.0, 557.6277133237431, 17766.234510066184]","[104.0, 24151.0, 155619.0]","[0.0, 557.6277133237431, 17766.234510066184]",0.1,0.003025,0.0333333333333333,1.2666666666666666,0.0001,FIRE
143,0.14586421288750975,0.08729611157655791,0.0,0.0,767.0,87.69644614616186,"[13.0, 4018.0, 32793.333333333336]","[0.0, 1833.7340774132617, 5068.391088128679]","[13.0, 4018.0, 32793.333333333336]","[0.0, 1833.7340774132617, 5068.391088128679]",0.1,0.003025,0.0333333333333333,1.2666666666666666,0.0001,Scipy
144,0.7987553860425248,0.043796161810369404,0.4018816436313346,0.4018816436313347,1787.3333333333333,2.494438257849294,"[104.0, 39128.333333333336, 243432.33333333334]","[0.0, 781.0609593509473, 1283.6178905300785]","[104.0, 39128.333333333336, 243432.33333333334]","[0.0, 781.0609593509473, 1283.6178905300785]",0.1,0.003025,0.02,0.76,0.1,FIRE
145,0.5105287404756959,0.22390649041040428,0.4018816413251694,0.4018816413251694,255.0,99.079092984679,"[13.0, 11278.0, 12841.333333333334]","[0.0, 4075.3950319774726, 4457.548828174017]","[13.0, 11278.0, 12841.333333333334]","[0.0, 4075.3950319774726, 4457.548828174017]",0.1,0.003025,0.02,0.76,0.1,Scipy
146,0.038335370406398124,0.02240983913667551,0.40188164642448804,0.40188164642448804,1879.6666666666667,16.81930108205715,"[104.0, 41797.333333333336, 264174.0]","[0.0, 1414.8239780583622, 1898.6726942788216]","[104.0, 41797.333333333336, 264174.0]","[0.0, 1414.8239780583622, 1898.6726942788216]",0.1,0.003025,0.02,0.76,0.01,FIRE
147,0.11681983220951814,0.036490647391074625,0.4018816413251694,0.4018816413251694,287.6666666666667,10.338708279513881,"[13.0, 12319.333333333334, 12547.666666666666]","[0.0, 502.9912744990933, 511.1466412771279]","[13.0, 12319.333333333334, 12547.666666666666]","[0.0, 502.9912744990933, 511.1466412771279]",0.1,0.003025,0.02,0.76,0.01,Scipy
148,0.031576386907471804,0.01776298134287277,0.4018816413251694,0.4018816413251694,1794.0,88.36288813749809,"[104.0, 39374.333333333336, 258198.33333333334]","[0.0, 562.4128574474646, 12936.656866783198]","[104.0, 39374.333333333336, 258198.33333333334]","[0.0, 562.4128574474646, 12936.656866783198]",0.1,0.003025,0.02,0.76,0.001,FIRE
149,0.1700557408165667,0.12006335473620579,0.13396054801797838,0.2995448916713244,846.3333333333334,317.5335502833607,"[13.0, 6933.333333333333, 32652.0]","[0.0, 5556.853866072859, 10979.090338760614]","[13.0, 6933.333333333333, 32652.0]","[0.0, 5556.853866072859, 10979.090338760614]",0.1,0.003025,0.02,0.76,0.001,Scipy
150,0.028761035599071793,0.01739917286870345,0.4018816482436651,0.4018816482436651,1819.3333333333333,50.690783733885546,"[104.0, 38964.333333333336, 271262.3333333333]","[0.0, 915.3539691774373, 6242.833242117627]","[104.0, 38964.333333333336, 271262.3333333333]","[0.0, 915.3539691774373, 6242.833242117627]",0.1,0.003025,0.02,0.76,0.0001,FIRE
151,0.1649526577846808,0.10287041013050494,0.4018816413251694,0.4018816413251694,358.0,57.27710420985567,"[13.0, 13168.333333333334, 16814.333333333332]","[0.0, 1422.4451561386197, 2575.4821339357454]","[13.0, 13168.333333333334, 16814.333333333332]","[0.0, 1422.4451561386197, 2575.4821339357454]",0.1,0.003025,0.02,0.76,0.0001,Scipy
152,0.6849519446867585,0.04602823384565957,0.40188164593749987,0.4018816459374999,2000.0,0.0,"[104.0, 87899.33333333333]","[0.0, 1546.3234532988959]","[104.0, 87899.33333333333]","[0.0, 1546.3234532988959]",0.1,0.003025,0.01,0.38,0.1,FIRE
153,0.6624913130647,0.22042740790503187,0.1339605471083898,0.2995448896374225,1487.6666666666667,724.5487484558157,"[13.0, 17174.333333333332, 16650.0]","[0.0, 3688.353050105456, 0.0]","[13.0, 17174.333333333332, 16650.0]","[0.0, 3688.353050105456, 0.0]",0.1,0.003025,0.01,0.38,0.1,Scipy
154,0.017998476348305547,0.011654777382200544,0.4018816413251694,0.4018816413251694,2000.0,0.0,"[104.0, 85419.66666666667]","[0.0, 2919.6165653881485]","[104.0, 85419.66666666667]","[0.0, 2919.6165653881485]",0.1,0.003025,0.01,0.38,0.01,FIRE
155,0.11447024206215338,0.08245207557886798,0.1339605471083898,0.2995448896374225,1471.3333333333333,727.9383368268375,"[13.0, 16698.0, 43847.0]","[0.0, 9062.685510744963, 23398.0]","[13.0, 16698.0, 43847.0]","[0.0, 9062.685510744963, 23398.0]",0.1,0.003025,0.01,0.38,0.01,Scipy
156,0.025754018555761777,0.009283559108738695,0.40188164272174604,0.4018816427217461,2000.0,0.0,"[104.0, 86846.33333333333]","[0.0, 2281.8977969128146]","[104.0, 86846.33333333333]","[0.0, 2281.8977969128146]",0.1,0.003025,0.01,0.38,0.001,FIRE
157,0.11926484909441121,0.04657100880291337,0.1339605471083898,0.2995448896374225,1568.6666666666667,609.9974499035949,"[13.0, 16611.666666666668, 24474.0]","[0.0, 3309.859446495509, 0.0]","[13.0, 16611.666666666668, 24474.0]","[0.0, 3309.859446495509, 0.0]",0.1,0.003025,0.01,0.38,0.001,Scipy
158,0.005665247013655295,0.0024154655713001685,0.4018816436313346,0.4018816436313347,2000.0,0.0,"[104.0, 87131.0]","[0.0, 1386.0334291302886]","[104.0, 87131.0]","[0.0, 1386.0334291302886]",0.1,0.003025,0.01,0.38,0.0001,FIRE
159,0.11418771470892745,0.06225218973177044,0.2679210951263682,0.37889764637356205,1156.0,609.7327283326687,"[13.0, 21348.666666666668, 29899.0]","[0.0, 951.9139783731628, 6096.0]","[13.0, 21348.666666666668, 29899.0]","[0.0, 951.9139783731628, 6096.0]",0.1,0.003025,0.01,0.38,0.0001,Scipy
160,0.7807220588318916,0.14595245652288877,0.40188164454092323,0.4018816445409233,507.6666666666667,147.21941297110092,"[104.0, 10413.666666666666, 64700.666666666664]","[0.0, 2077.840920015026, 19109.02394739779]","[104.0, 10413.666666666666, 64700.666666666664]","[0.0, 2077.840920015026, 19109.02394739779]",0.0714285714285714,0.0015433673469387,0.2,7.6,0.1,FIRE
161,0.5737096126427683,0.1980125750086142,0.4018816413251694,0.4018816413251694,104.0,14.98888477061141,"[13.0, 3182.0, 4773.666666666667]","[0.0, 977.9379666761419, 603.3265192985378]","[13.0, 3182.0, 4773.666666666667]","[0.0, 977.9379666761419, 603.3265192985378]",0.0714285714285714,0.0015433673469387,0.2,7.6,0.1,Scipy
162,0.37306010073284074,0.2416846594573777,0.40188164593749987,0.4018816459374999,511.3333333333333,114.4853217180652,"[104.0, 7477.333333333333, 66774.33333333333]","[0.0, 2441.1107216911637, 15190.118396144546]","[104.0, 7477.333333333333, 66774.33333333333]","[0.0, 2441.1107216911637, 15190.118396144546]",0.0714285714285714,0.0015433673469387,0.2,7.6,0.01,FIRE
163,0.3992223037385851,0.12448265157147959,0.1339605471083898,0.29954488963742254,180.66666666666666,69.81085557100383,"[13.0, 2935.6666666666665, 9301.666666666666]","[0.0, 976.5491396863868, 3352.816759416211]","[13.0, 2935.6666666666665, 9301.666666666666]","[0.0, 976.5491396863868, 3352.816759416211]",0.0714285714285714,0.0015433673469387,0.2,7.6,0.01,Scipy
164,0.3855565081908865,0.2145401652434696,0.40188164593749987,0.4018816459374999,428.0,46.783187863447985,"[104.0, 12665.333333333334, 56918.0]","[0.0, 3494.0475414942803, 6207.326370239176]","[104.0, 12665.333333333334, 56918.0]","[0.0, 3494.0475414942803, 6207.326370239176]",0.0714285714285714,0.0015433673469387,0.2,7.6,0.001,FIRE
165,0.28775095982968396,0.19506324040261913,0.0,0.0,236.66666666666666,64.34455860616515,"[13.0, 1317.0, 12281.0]","[0.0, 1210.0217628896874, 4681.74419064804]","[13.0, 1317.0, 12281.0]","[0.0, 1210.0217628896874, 4681.74419064804]",0.0714285714285714,0.0015433673469387,0.2,7.6,0.001,Scipy
166,0.47865512064380406,0.30765660843159376,0.40188164593749987,0.4018816459374999,404.0,129.7407671731082,"[104.0, 11950.0, 54532.333333333336]","[0.0, 3948.3217531840874, 17722.59861181637]","[104.0, 11950.0, 54532.333333333336]","[0.0, 3948.3217531840874, 17722.59861181637]",0.0714285714285714,0.0015433673469387,0.2,7.6,0.0001,FIRE
167,0.4903106526893988,0.16606727979096508,0.1339605471083898,0.29954488963742254,242.66666666666666,73.9564436378302,"[13.0, 2636.0, 15969.333333333334]","[0.0, 2702.8193921656452, 3894.6979629006178]","[13.0, 2636.0, 15969.333333333334]","[0.0, 2702.8193921656452, 3894.6979629006178]",0.0714285714285714,0.0015433673469387,0.2,7.6,0.0001,Scipy
168,0.7165190082875469,0.08294991421810873,0.4018816450279113,0.4018816450279113,827.3333333333334,55.41560149352246,"[104.0, 16674.666666666668, 105528.66666666667]","[0.0, 1337.5017341629464, 7296.527271395772]","[104.0, 16674.666666666668, 105528.66666666667]","[0.0, 1337.5017341629464, 7296.527271395772]",0.0714285714285714,0.0015433673469387,0.1,3.8,0.1,FIRE
169,0.6335543766305617,0.22141619542417465,0.40188164454092323,0.4018816445409233,138.33333333333334,21.29684379328438,"[13.0, 5684.666666666667, 7246.333333333333]","[0.0, 1209.9722678181054, 1052.9610101465719]","[13.0, 5684.666666666667, 7246.333333333333]","[0.0, 1209.9722678181054, 1052.9610101465719]",0.0714285714285714,0.0015433673469387,0.1,3.8,0.1,Scipy
170,0.43005680122193385,0.25594299042214086,0.40188164593749987,0.4018816459374999,858.0,34.418987008142274,"[104.0, 18305.333333333332, 111917.66666666667]","[0.0, 1374.2431452338494, 4539.108160078243]","[104.0, 18305.333333333332, 111917.66666666667]","[0.0, 1374.2431452338494, 4539.108160078243]",0.0714285714285714,0.0015433673469387,0.1,3.8,0.01,FIRE
171,0.13670251454971385,0.06749371188132841,0.401881642234758,0.401881642234758,98.33333333333333,25.249862485874168,"[13.0, 5077.0, 5626.333333333333]","[0.0, 1497.097859192912, 2195.0535807178426]","[13.0, 5077.0, 5626.333333333333]","[0.0, 1497.097859192912, 2195.0535807178426]",0.0714285714285714,0.0015433673469387,0.1,3.8,0.01,Scipy
172,0.4203027349435467,0.28575456722833986,0.40188164454092323,0.4018816445409233,825.6666666666666,72.15877555009432,"[104.0, 17297.0, 109977.33333333333]","[0.0, 2136.7378563283487, 10053.717631912199]","[104.0, 17297.0, 109977.33333333333]","[0.0, 2136.7378563283487, 10053.717631912199]",0.0714285714285714,0.0015433673469387,0.1,3.8,0.001,FIRE
173,0.21878987002520325,0.10398690564704564,0.1339605471083898,0.29954488963742254,334.3333333333333,167.85178647313296,"[13.0, 4304.333333333333, 18475.666666666668]","[0.0, 602.6111700111625, 9595.119465413423]","[13.0, 4304.333333333333, 18475.666666666668]","[0.0, 602.6111700111625, 9595.119465413423]",0.0714285714285714,0.0015433673469387,0.1,3.8,0.001,Scipy
174,0.16279640575201537,0.1884577943935711,0.4018816436313346,0.4018816436313347,784.6666666666666,92.4097156989218,"[104.0, 16559.0, 107216.33333333333]","[0.0, 1210.0391178249845, 12593.832097058024]","[104.0, 16559.0, 107216.33333333333]","[0.0, 1210.0391178249845, 12593.832097058024]",0.0714285714285714,0.0015433673469387,0.1,3.8,0.0001,FIRE
175,0.2837561149615395,0.1055245431811026,0.0,0.0,545.3333333333334,87.36640595153774,"[13.0, 4317.333333333333, 33855.666666666664]","[0.0, 1209.9896234633127, 5993.124301137837]","[13.0, 4317.333333333333, 33855.666666666664]","[0.0, 1209.9896234633127, 5993.124301137837]",0.0714285714285714,0.0015433673469387,0.1,3.8,0.0001,Scipy
176,0.7217803041028267,0.02770805344292392,0.4018816413251694,0.4018816413251694,1993.3333333333333,9.428090415820632,"[104.0, 41277.0, 252255.0]","[0.0, 4459.848951104361, 0.0]","[104.0, 41277.0, 252255.0]","[0.0, 4459.848951104361, 0.0]",0.0714285714285714,0.0015433673469387,0.0333333333333333,1.2666666666666666,0.1,FIRE
177,0.4883788899064738,0.2771036092366951,0.4018816436313346,0.4018816436313347,296.6666666666667,70.67452786463373,"[13.0, 10223.0, 11204.666666666666]","[0.0, 1460.5412238847168, 978.3061325009104]","[13.0, 10223.0, 11204.666666666666]","[0.0, 1460.5412238847168, 978.3061325009104]",0.0714285714285714,0.0015433673469387,0.0333333333333333,1.2666666666666666,0.1,Scipy
178,0.047759844070654256,0.010952597295073896,0.40188164454092323,0.4018816445409233,1993.3333333333333,9.428090415820632,"[104.0, 49535.0, 258913.0]","[0.0, 2048.5370389621958, 0.0]","[104.0, 49535.0, 258913.0]","[0.0, 2048.5370389621958, 0.0]",0.0714285714285714,0.0015433673469387,0.0333333333333333,1.2666666666666666,0.01,FIRE
179,0.06134779606439933,0.043774376061628435,0.401881642234758,0.401881642234758,236.0,39.6316371938716,"[13.0, 10968.333333333334, 11024.333333333334]","[0.0, 2647.0744018423225, 2627.2048940947784]","[13.0, 10968.333333333334, 11024.333333333334]","[0.0, 2647.0744018423225, 2627.2048940947784]",0.0714285714285714,0.0015433673469387,0.0333333333333333,1.2666666666666666,0.01,Scipy
180,0.020292667200787196,0.016977699313721697,0.40188164593749987,0.4018816459374999,1993.3333333333333,9.428090415820632,"[104.0, 42423.0, 265208.0]","[0.0, 1124.5802179776535, 0.0]","[104.0, 42423.0, 265208.0]","[0.0, 1124.5802179776535, 0.0]",0.0714285714285714,0.0015433673469387,0.0333333333333333,1.2666666666666666,0.001,FIRE
181,0.2389386431643199,0.15381026144772644,0.0,0.0,1340.3333333333333,140.22442329668854,"[13.0, 3559.0, 61739.666666666664]","[0.0, 2894.6308918409613, 7878.32217050193]","[13.0, 3559.0, 61739.666666666664]","[0.0, 2894.6308918409613, 7878.32217050193]",0.0714285714285714,0.0015433673469387,0.0333333333333333,1.2666666666666666,0.001,Scipy
182,0.03499220255395812,0.027164214037921335,0.4018816413251694,0.4018816413251694,1992.6666666666667,10.370899457402697,"[104.0, 43043.333333333336, 268481.0]","[0.0, 1833.9220872823967, 0.0]","[104.0, 43043.333333333336, 268481.0]","[0.0, 1833.9220872823967, 0.0]",0.0714285714285714,0.0015433673469387,0.0333333333333333,1.2666666666666666,0.0001,FIRE
183,0.20556201002413946,0.11349737802980253,1.6666666750412655e-09,3.726779981225822e-09,1376.3333333333333,247.4002604867038,"[13.0, 6816.666666666667, 70150.66666666667]","[0.0, 4342.914254532574, 14079.2435718527]","[13.0, 6816.666666666667, 70150.66666666667]","[0.0, 4342.914254532574, 14079.2435718527]",0.0714285714285714,0.0015433673469387,0.0333333333333333,1.2666666666666666,0.0001,Scipy
184,0.648070982355071,0.09121350986159817,0.40188164272174604,0.4018816427217461,2000.0,0.0,"[104.0, 74468.66666666667]","[0.0, 2274.1190724224525]","[104.0, 74468.66666666667]","[0.0, 2274.1190724224525]",0.0714285714285714,0.0015433673469387,0.02,0.76,0.1,FIRE
185,0.6778442000482982,0.28516479582381243,0.2679210942167796,0.3788976450872095,907.0,758.9321445294039,"[13.0, 9340.666666666666, 34751.333333333336]","[0.0, 2670.760981859332, 28789.75338939572]","[13.0, 9340.666666666666, 34751.333333333336]","[0.0, 2670.760981859332, 28789.75338939572]",0.0714285714285714,0.0015433673469387,0.02,0.76,0.1,Scipy
186,0.010035080576311342,0.005867026189607418,0.4018816436313346,0.4018816436313347,2000.0,0.0,"[104.0, 74573.66666666667]","[0.0, 594.7376639232535]","[104.0, 74573.66666666667]","[0.0, 594.7376639232535]",0.0714285714285714,0.0015433673469387,0.02,0.76,0.01,FIRE
187,0.10423218435018593,0.052746426304869296,0.4018816413251694,0.4018816413251694,424.6666666666667,21.29684379328438,"[13.0, 18721.0, 20638.333333333332]","[0.0, 1936.741593501828, 1373.0261792438223]","[13.0, 18721.0, 20638.333333333332]","[0.0, 1936.741593501828, 1373.0261792438223]",0.0714285714285714,0.0015433673469387,0.02,0.76,0.01,Scipy
188,0.015080826934903015,0.00823240284689532,0.40188164272174604,0.4018816427217461,2000.0,0.0,"[104.0, 74794.66666666667]","[0.0, 3859.6269537640837]","[104.0, 74794.66666666667]","[0.0, 3859.6269537640837]",0.0714285714285714,0.0015433673469387,0.02,0.76,0.001,FIRE
189,0.16204017181566552,0.05687372036184108,0.1339605471083898,0.2995448896374225,1466.0,755.1900423072327,"[13.0, 15864.666666666666, 17511.0]","[0.0, 3889.5324769037334, 0.0]","[13.0, 15864.666666666666, 17511.0]","[0.0, 3889.5324769037334, 0.0]",0.0714285714285714,0.0015433673469387,0.02,0.76,0.001,Scipy
190,0.01783566233195866,0.012017219327607279,0.40188164593749987,0.4018816459374999,2000.0,0.0,"[104.0, 73686.33333333333]","[0.0, 4520.927215615055]","[104.0, 73686.33333333333]","[0.0, 4520.927215615055]",0.0714285714285714,0.0015433673469387,0.02,0.76,0.0001,FIRE
191,0.23488825333638266,0.030256551836409056,0.0,0.0,2000.0,0.0,"[13.0, 12576.0]","[0.0, 3140.6178797597563]","[13.0, 12576.0]","[0.0, 3140.6178797597563]",0.0714285714285714,0.0015433673469387,0.02,0.76,0.0001,Scipy
192,0.7599859138020353,0.03109503876145325,0.4018816436313346,0.4018816436313347,2000.0,0.0,"[104.0, 148207.66666666666]","[0.0, 7847.359739994649]","[104.0, 148207.66666666666]","[0.0, 7847.359739994649]",0.0714285714285714,0.0015433673469387,0.01,0.38,0.1,FIRE
193,0.4812370708116096,0.2378811476343425,0.2679210942167796,0.3788976450872095,1106.0,632.1582080460555,"[13.0, 26109.333333333332, 29965.0]","[0.0, 4857.2771750802485, 492.0]","[13.0, 26109.333333333332, 29965.0]","[0.0, 4857.2771750802485, 492.0]",0.0714285714285714,0.0015433673469387,0.01,0.38,0.1,Scipy
194,0.002486651597625226,0.0019695836612749515,0.40188164272174604,0.4018816427217461,2000.0,0.0,"[104.0, 145935.0]","[0.0, 1937.5608377545207]","[104.0, 145935.0]","[0.0, 1937.5608377545207]",0.0714285714285714,0.0015433673469387,0.01,0.38,0.01,FIRE
195,0.08288964957086752,0.05194821869540782,0.401881642234758,0.40188164223475803,801.3333333333334,116.05841441082829,"[13.0, 37756.0, 38060.0]","[0.0, 6370.320138475512, 6620.194911531432]","[13.0, 37756.0, 38060.0]","[0.0, 6370.320138475512, 6620.194911531432]",0.0714285714285714,0.0015433673469387,0.01,0.38,0.01,Scipy
196,0.5133474229549065,0.3590653044576827,0.40188164593749987,0.4018816459374999,2000.0,0.0,"[104.0, 161195.0]","[0.0, 949.6466009346143]","[104.0, 161195.0]","[0.0, 949.6466009346143]",0.0714285714285714,0.0015433673469387,0.01,0.38,0.001,FIRE
197,0.32910095567486636,0.16168479301542898,0.0,0.0,2000.0,0.0,"[13.0, 20934.333333333332]","[0.0, 12398.633213203606]","[13.0, 20934.333333333332]","[0.0, 12398.633213203606]",0.0714285714285714,0.0015433673469387,0.01,0.38,0.001,Scipy
198,0.27582010936607354,0.3518715767658423,0.4018816482436651,0.4018816482436651,2000.0,0.0,"[104.0, 168067.66666666666]","[0.0, 3510.787407722408]","[104.0, 168067.66666666666]","[0.0, 3510.787407722408]",0.0714285714285714,0.0015433673469387,0.01,0.38,0.0001,FIRE
199,0.3561837666930903,0.13451504934655334,1.6666666750412655e-09,3.726779981225822e-09,2000.0,0.0,"[13.0, 15593.0]","[0.0, 10233.980392138079]","[13.0, 15593.0]","[0.0, 10233.980392138079]",0.0714285714285714,0.0015433673469387,0.01,0.38,0.0001,Scipy
