found_minima,found_saddles,bias_count,energy_calls_at_each_min,force_calls_at_each_min,run_id,seed,bias_std_dev_scale,bias_covariance,bias_height_fraction,bias_height,perturbation_size,optimizer
"[array([0.62349941, 0.02803776]), array([-0.05003516,  0.46669891]), array([-0.5582236 ,  1.44172589])]","[array([0.16460483, 0.33121389]), array([ 0.62496384, -0.52196397]), array([0.16460483, 0.33121389]), array([ 0.62496384, -0.52196397])]",8,"[13, 26, 123]","[13, 26, 123]",96,7,0.3333333333333333,0.03361111111111112,0.1,3.8000000000000003,0.55,Scipy
"[array([0.62349941, 0.02803776]), array([-0.05005946,  0.4667037 ]), array([-0.5582235 ,  1.44172603])]","[array([0.16460483, 0.33121389]), array([ 0.62503905, -0.52197334]), array([0.16460483, 0.33121389]), array([ 0.62503905, -0.52197334])]",8,"[13, 26, 128]","[13, 26, 128]",16,7,0.3333333333333333,0.03361111111111112,0.2,7.6000000000000005,0.55,Scipy
"[array([0.62349941, 0.02803776]), array([-0.05001083,  0.46669411]), array([-0.55822363,  1.44172584])]","[array([0.16460483, 0.33121389]), array([ 0.5454749 , -0.51630382]), array([0.16460483, 0.33121389]), array([ 0.5454749 , -0.51630382])]",10,"[13, 26, 186]","[13, 26, 186]",416,7,0.2,0.012100000000000003,0.2,7.6000000000000005,0.55,Scipy
"[array([0.62349941, 0.02803776]), array([-0.55822364,  1.44172584]), array([-0.05005939,  0.46670368])]","[array([0.96629572, 0.45814319]), array([-0.01013448,  1.48753277]), array([0.96629572, 0.45814319]), array([-0.01013448,  1.48753277])]",6,"[13, 30, 78]","[13, 30, 78]",17,8,0.3333333333333333,0.03361111111111112,0.2,7.6000000000000005,0.55,Scipy
"[array([0.62349941, 0.02803776]), array([-0.05568354,  0.46800661]), array([-0.55822342,  1.44172616])]","[array([0.20304532, 0.12293706]), array([-0.31081974,  0.50490961]), array([0.20304532, 0.12293706]), array([-0.31081974,  0.50490961])]",19,"[13, 166, 267]","[13, 166, 267]",32,3,0.3333333333333333,0.03361111111111112,0.2,7.6000000000000005,0.01,Scipy
"[array([0.62349941, 0.02803776]), array([-0.55822363,  1.44172584]), array([-0.05003509,  0.46669889])]","[array([0.96629572, 0.45814319]), array([0.01536913, 1.25842243]), array([0.96629572, 0.45814319]), array([0.01536913, 1.25842243])]",10,"[13, 31, 145]","[13, 31, 145]",97,8,0.3333333333333333,0.03361111111111112,0.1,3.8000000000000003,0.55,Scipy
"[array([0.62349941, 0.02803776]), array([-0.55822363,  1.44172584]), array([-0.05001082,  0.4666941 ])]","[array([0.96629572, 0.45814319]), array([0.07037616, 1.31342918]), array([0.96629572, 0.45814319]), array([0.07037616, 1.31342918])]",10,"[13, 31, 161]","[13, 31, 161]",417,8,0.2,0.012100000000000003,0.2,7.6000000000000005,0.55,Scipy
"[array([0.62349941, 0.02803776]), array([-0.05001326,  0.46669459]), array([-0.55822363,  1.44172584])]","[array([0.16460483, 0.33121389]), array([ 1.03300685, -0.33912747]), array([0.16460483, 0.33121389]), array([ 1.03300685, -0.33912747])]",27,"[13, 26, 405]","[13, 26, 405]",336,7,0.3333333333333333,0.03361111111111112,0.01,0.38,0.55,Scipy
"[array([0.62349941, 0.02803776]), array([-0.05153298,  0.4670421 ]), array([-0.55822363,  1.44172584])]","[array([0.11329578, 0.08715674]), array([-0.22926131,  0.47915875]), array([0.11329578, 0.08715674]), array([-0.22926131,  0.47915875])]",22,"[13, 345, 407]","[13, 345, 407]",432,3,0.2,0.012100000000000003,0.2,7.6000000000000005,0.01,Scipy
"[array([0.62349941, 0.02803776]), array([-0.05001079,  0.4666941 ]), array([-0.55822363,  1.44172585])]","[array([0.42965194, 0.54274462]), array([-0.50491382,  0.06078626]), array([0.42965194, 0.54274462]), array([-0.50491382,  0.06078626])]",6,"[101, 241, 719]","[101, 241, 719]",480,1,0.2,0.012100000000000003,0.1,3.8000000000000003,0.55,FIRE
"[array([0.62349941, 0.02803776]), array([-0.0500108,  0.4666941]), array([-0.55822361,  1.44172586])]","[array([0.42965194, 0.54274462]), array([-0.57246947,  0.06610424]), array([0.42965194, 0.54274462]), array([-0.57246947,  0.06610424])]",6,"[101, 241, 704]","[101, 241, 704]",400,1,0.2,0.012100000000000003,0.2,7.6000000000000005,0.55,FIRE
"[array([0.62349941, 0.02803776]), array([-0.05010798,  0.46671327]), array([-0.55822351,  1.44172602])]","[array([ 0.61715116, -0.52192561]), array([ 1.13861604, -0.37233626]), array([ 0.61715116, -0.52192561]), array([ 1.13861604, -0.37233626])]",12,"[13, 40, 195]","[13, 40, 195]",18,9,0.3333333333333333,0.03361111111111112,0.2,7.6000000000000005,0.55,Scipy
"[array([0.62349941, 0.02803776]), array([-0.05001083,  0.46669411]), array([-0.55822363,  1.44172584])]","[array([0.16460483, 0.33121389]), array([ 0.62493942, -0.52196036]), array([0.16460483, 0.33121389]), array([ 0.62493942, -0.52196036])]",25,"[13, 26, 468]","[13, 26, 468]",496,7,0.2,0.012100000000000003,0.1,3.8000000000000003,0.55,Scipy
"[array([0.62349941, 0.02803776]), array([-0.05751294,  0.46846682]), array([-0.55822345,  1.44172611])]","[array([0.21038341, 0.11475115]), array([-0.34247418,  0.48965653]), array([0.21038341, 0.11475115]), array([-0.34247418,  0.48965653])]",15,"[13, 120, 227]","[13, 120, 227]",33,4,0.3333333333333333,0.03361111111111112,0.2,7.6000000000000005,0.01,Scipy
"[array([0.62349941, 0.02803776]), array([-0.05001082,  0.46669411]), array([-0.55822363,  1.44172584])]","[array([ 0.66143957, -0.5245615 ]), array([1.28540168, 0.23270575]), array([ 0.66143957, -0.5245615 ]), array([1.28540168, 0.23270575])]",12,"[13, 40, 168]","[13, 40, 168]",418,9,0.2,0.012100000000000003,0.2,7.6000000000000005,0.55,Scipy
"[array([0.62349941, 0.02803776]), array([-0.0500595,  0.4667037]), array([-0.55822351,  1.44172603])]","[array([0.42965194, 0.54274462]), array([-0.45511291,  0.05607548]), array([0.42965194, 0.54274462]), array([-0.45511291,  0.05607548])]",6,"[101, 225, 801]","[101, 225, 801]",0,1,0.3333333333333333,0.03361111111111112,0.2,7.6000000000000005,0.55,FIRE
"[array([0.62349941, 0.02803776]), array([-0.55822363,  1.44172584]), array([-0.05001081,  0.46669411])]","[array([0.96629572, 0.45814319]), array([-0.01013448,  1.48753278]), array([0.96629572, 0.45814319]), array([-0.01013448,  1.48753278])]",6,"[13, 31, 85]","[13, 31, 85]",497,8,0.2,0.012100000000000003,0.1,3.8000000000000003,0.55,Scipy
"[array([0.62349941, 0.02803776]), array([-0.05005946,  0.4667037 ]), array([-0.55822329,  1.44172632])]","[array([ 0.89446485, -0.45058289]), array([ 0.6205488, -0.5219584]), array([ 0.89446485, -0.45058289]), array([ 0.6205488, -0.5219584])]",8,"[13, 28, 117]","[13, 28, 117]",19,10,0.3333333333333333,0.03361111111111112,0.2,7.6000000000000005,0.55,Scipy
"[array([0.62349941, 0.02803776]), array([-0.05005946,  0.4667037 ]), array([-0.55822361,  1.44172588])]","[array([ 0.61715118, -0.5219256 ]), array([ 1.1730915, -0.2876966]), array([ 0.61715118, -0.5219256 ]), array([ 1.1730915, -0.2876966])]",17,"[13, 41, 280]","[13, 41, 280]",98,9,0.3333333333333333,0.03361111111111112,0.1,3.8000000000000003,0.55,Scipy
"[array([0.62349941, 0.02803776]), array([-0.0500352 ,  0.46669891]), array([-0.55822359,  1.44172591])]","[array([0.42965194, 0.54274462]), array([-0.072658 ,  0.9285229]), array([0.42965194, 0.54274462]), array([-0.072658 ,  0.9285229])]",8,"[101, 234, 959]","[101, 234, 959]",80,1,0.3333333333333333,0.03361111111111112,0.1,3.8000000000000003,0.55,FIRE
"[array([0.62349941, 0.02803776]), array([-0.05001085,  0.46669411]), array([-0.55822363,  1.44172584])]","[array([ 0.89446485, -0.45058289]), array([ 0.66480407, -0.52459004]), array([ 0.89446485, -0.45058289]), array([ 0.66480407, -0.52459004])]",7,"[13, 31, 119]","[13, 31, 119]",419,10,0.2,0.012100000000000003,0.2,7.6000000000000005,0.55,Scipy
"[array([0.62349941, 0.02803776]), array([-0.55822363,  1.44172584]), array([-0.05001326,  0.46669458])]","[array([0.96629572, 0.45814319]), array([-0.72528004,  1.96574126]), array([0.96629572, 0.45814319]), array([-0.72528004,  1.96574126])]",17,"[13, 31, 242]","[13, 31, 242]",337,8,0.3333333333333333,0.03361111111111112,0.01,0.38,0.55,Scipy
"[array([0.62349941, 0.02803776]), array([-0.55822363,  1.44172584]), array([-0.05003514,  0.4666989 ])]","[array([ 0.89446485, -0.45058289]), array([-0.97463533,  1.80103254]), array([ 0.89446485, -0.45058289]), array([-0.97463533,  1.80103254])]",5,"[13, 39, 87]","[13, 39, 87]",99,10,0.3333333333333333,0.03361111111111112,0.1,3.8000000000000003,0.55,Scipy
"[array([0.62349941, 0.02803776]), array([-0.0500157 ,  0.46669507]), array([-0.55822363,  1.44172586])]","[array([0.16460483, 0.33121389]), array([ 0.80516863, -0.49117561]), array([0.16460483, 0.33121389]), array([ 0.80516863, -0.49117561])]",41,"[13, 26, 688]","[13, 26, 688]",256,7,0.3333333333333333,0.03361111111111112,0.02,0.76,0.55,Scipy
"[array([0.62349941, 0.02803776]), array([-0.05001894,  0.46669571]), array([-0.55822359,  1.44172591])]","[array([0.16460483, 0.33121389]), array([ 1.03302389, -0.33913002]), array([0.16460483, 0.33121389]), array([ 1.03302389, -0.33913002])]",42,"[13, 26, 684]","[13, 26, 684]",176,7,0.3333333333333333,0.03361111111111112,0.03333333333333333,1.2666666666666666,0.55,Scipy
"[array([0.62349941, 0.02803776]), array([-0.05001082,  0.4666941 ]), array([-0.55822363,  1.44172584])]","[array([ 0.61715118, -0.5219256 ]), array([1.23557253, 0.23492348]), array([ 0.61715118, -0.5219256 ]), array([1.23557253, 0.23492348])]",12,"[13, 41, 195]","[13, 41, 195]",498,9,0.2,0.012100000000000003,0.1,3.8000000000000003,0.55,Scipy
"[array([0.62349941, 0.02803776]), array([-0.05001569,  0.46669506]), array([-0.55822363,  1.44172584])]","[array([ 0.61715118, -0.5219256 ]), array([1.13071465, 0.24072877]), array([ 0.61715118, -0.5219256 ]), array([1.13071465, 0.24072877])]",12,"[13, 41, 180]","[13, 41, 180]",338,9,0.3333333333333333,0.03361111111111112,0.01,0.38,0.55,Scipy
"[array([0.62349941, 0.02803776]), array([-0.55822363,  1.44172584]), array([-0.05001892,  0.4666957 ])]","[array([0.96629572, 0.45814319]), array([-0.78188545,  1.94419514]), array([0.96629572, 0.45814319]), array([-0.78188545,  1.94419514])]",15,"[13, 31, 228]","[13, 31, 228]",177,8,0.3333333333333333,0.03361111111111112,0.03333333333333333,1.2666666666666666,0.55,Scipy
"[array([0.62349941, 0.02803776]), array([-0.55822363,  1.44172584]), array([-0.05001568,  0.46669506])]","[array([0.96629572, 0.45814319]), array([-0.72528004,  1.96574126]), array([0.96629572, 0.45814319]), array([-0.72528004,  1.96574126])]",17,"[13, 31, 248]","[13, 31, 248]",257,8,0.3333333333333333,0.03361111111111112,0.02,0.76,0.55,Scipy
"[array([0.62349941, 0.02803776]), array([-0.05001082,  0.4666941 ]), array([-0.55822364,  1.44172584])]","[array([ 0.95846087, -0.40819709]), array([-0.40844396,  0.04953024]), array([ 0.95846087, -0.40819709]), array([-0.40844396,  0.04953024])]",9,"[101, 580, 1044]","[101, 580, 1044]",481,2,0.2,0.012100000000000003,0.1,3.8000000000000003,0.55,FIRE
"[array([0.62349941, 0.02803776]), array([-0.05002705,  0.46669731]), array([-0.55822363,  1.44172585])]","[array([ 0.61715118, -0.5219256 ]), array([1.1307283, 0.2407267]), array([ 0.61715118, -0.5219256 ]), array([1.1307283, 0.2407267])]",12,"[13, 41, 174]","[13, 41, 174]",178,9,0.3333333333333333,0.03361111111111112,0.03333333333333333,1.2666666666666666,0.55,Scipy
"[array([0.62349941, 0.02803776]), array([-0.05001083,  0.46669411]), array([-0.55822364,  1.44172584])]","[array([ 0.87899564, -0.40254045]), array([-0.40844396,  0.04953025]), array([ 0.87899564, -0.40254045]), array([-0.40844396,  0.04953025])]",9,"[101, 647, 1138]","[101, 647, 1138]",401,2,0.2,0.012100000000000003,0.2,7.6000000000000005,0.55,FIRE
"[array([0.62349941, 0.02803776]), array([-0.05002056,  0.46669603]), array([-0.55822364,  1.44172584])]","[array([ 0.61715118, -0.5219256 ]), array([1.07631545, 0.34023961]), array([ 0.61715118, -0.5219256 ]), array([1.07631545, 0.34023961])]",19,"[13, 41, 275]","[13, 41, 275]",258,9,0.3333333333333333,0.03361111111111112,0.02,0.76,0.55,Scipy
"[array([0.62349941, 0.02803776]), array([-0.05002704,  0.46669829]), array([-0.55822363,  1.44172584])]","[array([0.15337531, 0.45069814]), array([0.77573913, 0.19882837]), array([0.15337531, 0.45069814]), array([0.77573913, 0.19882837])]",40,"[13, 224, 863]","[13, 224, 863]",433,4,0.2,0.012100000000000003,0.2,7.6000000000000005,0.01,Scipy
"[array([0.62349941, 0.02803776]), array([-0.05120684,  0.46695903]), array([-0.55822355,  1.44172596])]","[array([ 0.95846085, -0.40819709]), array([-0.40963997,  0.04979516]), array([ 0.95846085, -0.40819709]), array([-0.40963997,  0.04979516])]",9,"[101, 590, 1144]","[101, 590, 1144]",1,2,0.3333333333333333,0.03361111111111112,0.2,7.6000000000000005,0.55,FIRE
"[array([0.62349941, 0.02803776]), array([-0.05001894,  0.46669571]), array([-0.55822363,  1.44172584])]","[array([ 0.89446485, -0.45058289]), array([ 1.02456095, -0.34835301]), array([ 0.89446485, -0.45058289]), array([ 1.02456095, -0.34835301])]",14,"[13, 31, 214]","[13, 31, 214]",179,10,0.3333333333333333,0.03361111111111112,0.03333333333333333,1.2666666666666666,0.55,Scipy
"[array([0.62349941, 0.02803776]), array([-0.05010803,  0.46671328]), array([-0.55822362,  1.44172587])]","[array([ 0.95846085, -0.40819709]), array([-0.40854117,  0.04954942]), array([ 0.95846085, -0.40819709]), array([-0.40854117,  0.04954942])]",9,"[101, 594, 1143]","[101, 594, 1143]",81,2,0.3333333333333333,0.03361111111111112,0.1,3.8000000000000003,0.55,FIRE
"[array([0.62349941, 0.02803776]), array([-0.05001327,  0.46669459]), array([-0.55822364,  1.44172583])]","[array([ 0.89446485, -0.45058289]), array([ 1.02454481, -0.34835055]), array([ 0.89446485, -0.45058289]), array([ 1.02454481, -0.34835055])]",36,"[13, 31, 571]","[13, 31, 571]",339,10,0.3333333333333333,0.03361111111111112,0.01,0.38,0.55,Scipy
"[array([0.62349941, 0.02803776]), array([-0.05001085,  0.46669411]), array([-0.55822363,  1.44172584])]","[array([ 0.89446485, -0.45058289]), array([ 1.10714606, -0.35301964]), array([ 0.89446485, -0.45058289]), array([ 1.10714606, -0.35301964])]",34,"[13, 31, 645]","[13, 31, 645]",499,10,0.2,0.012100000000000003,0.1,3.8000000000000003,0.55,Scipy
"[array([0.62349941, 0.02803776]), array([-0.0500157 ,  0.46669507]), array([-0.55822363,  1.44172585])]","[array([ 0.89446485, -0.45058289]), array([ 1.02455134, -0.34835158]), array([ 0.89446485, -0.45058289]), array([ 1.02455134, -0.34835158])]",23,"[13, 31, 359]","[13, 31, 359]",259,10,0.3333333333333333,0.03361111111111112,0.02,0.76,0.55,Scipy
"[array([0.62349941, 0.02803776]), array([-0.05011035,  0.46672021]), array([-0.55822364,  1.44172584])]","[array([ 0.21552743, -0.02041404]), array([0.11069737, 0.42244757]), array([ 0.21552743, -0.02041404]), array([0.11069737, 0.42244757])]",19,"[13, 313, 358]","[13, 313, 358]",434,5,0.2,0.012100000000000003,0.2,7.6000000000000005,0.01,Scipy
"[array([0.62349941, 0.02803776]), array([-0.05001693,  0.46669565]), array([-0.55822364,  1.44172584])]","[array([0.75389833, 0.56235612]), array([0.74729675, 0.35757052]), array([0.75389833, 0.56235612]), array([0.74729675, 0.35757052])]",12,"[101, 810, 1441]","[101, 810, 1441]",402,3,0.2,0.012100000000000003,0.2,7.6000000000000005,0.55,FIRE
"[array([0.62349941, 0.02803776]), array([-0.05001851,  0.46669603]), array([-0.55822363,  1.44172584])]","[array([0.23687098, 0.38566019]), array([0.41228683, 0.45078868]), array([0.23687098, 0.38566019]), array([0.41228683, 0.45078868])]",46,"[13, 276, 976]","[13, 276, 976]",435,6,0.2,0.012100000000000003,0.2,7.6000000000000005,0.01,Scipy
"[array([0.62349941, 0.02803776]), array([-0.05209926,  0.46717754]), array([-0.55822328,  1.44172633])]","[array([1.0107558 , 0.41859183]), array([0.25669629, 0.97843387]), array([1.0107558 , 0.41859183]), array([0.25669629, 0.97843387])]",16,"[101, 733, 2009]","[101, 733, 2009]",2,3,0.3333333333333333,0.03361111111111112,0.2,7.6000000000000005,0.55,FIRE
"[array([0.62349941, 0.02803776]), array([-0.05001686,  0.46669564]), array([-0.55822364,  1.44172583])]","[array([ 1.13864055, -0.3749365 ]), array([-0.60085962,  0.87101993]), array([ 1.13864055, -0.3749365 ]), array([-0.60085962,  0.87101993])]",11,"[101, 1125, 1380]","[101, 1125, 1380]",403,4,0.2,0.012100000000000003,0.2,7.6000000000000005,0.55,FIRE
"[array([0.62349941, 0.02803776]), array([-0.05001086,  0.46669411]), array([-0.55822363,  1.44172584])]","[array([0.29353162, 0.46806191]), array([-0.26902958,  1.02883063]), array([0.29353162, 0.46806191]), array([-0.26902958,  1.02883063])]",4,"[101, 225, 448]","[101, 225, 448]",404,5,0.2,0.012100000000000003,0.2,7.6000000000000005,0.55,FIRE
"[array([0.62349941, 0.02803776]), array([-0.05012979,  0.46672481]), array([-0.55822363,  1.44172584])]","[array([0.17830838, 0.07229417]), array([-0.49772374,  0.49793743]), array([0.17830838, 0.07229417]), array([-0.49772374,  0.49793743])]",30,"[13, 357, 610]","[13, 357, 610]",436,7,0.2,0.012100000000000003,0.2,7.6000000000000005,0.01,Scipy
"[array([0.62349941, 0.02803776]), array([-0.05002696,  0.46669827]), array([-0.55822363,  1.44172584])]","[array([-0.04252127,  0.46571225]), array([-0.05904937,  0.46238595]), array([-0.04252127,  0.46571225]), array([-0.05904937,  0.46238595])]",13,"[13, 209, 230]","[13, 209, 230]",437,8,0.2,0.012100000000000003,0.2,7.6000000000000005,0.01,Scipy
"[array([0.62349941, 0.02803776]), array([-0.05566755,  0.46804515]), array([-0.55822358,  1.44172593])]","[array([ 1.08890633, -0.37255465]), array([-0.36266018,  1.03095202]), array([ 1.08890633, -0.37255465]), array([-0.36266018,  1.03095202])]",12,"[101, 1121, 1497]","[101, 1121, 1497]",3,4,0.3333333333333333,0.03361111111111112,0.2,7.6000000000000005,0.55,FIRE
"[array([0.62349941, 0.02803776]), array([-0.05010114,  0.466718  ]), array([-0.55822363,  1.44172584])]","[array([0.13969082, 0.04050464]), array([-0.34936194,  0.4668627 ]), array([0.13969082, 0.04050464]), array([-0.34936194,  0.4668627 ])]",23,"[13, 303, 453]","[13, 303, 453]",438,9,0.2,0.012100000000000003,0.2,7.6000000000000005,0.01,Scipy
"[array([0.62349941, 0.02803776]), array([-0.05002448,  0.46669759]), array([-0.55822363,  1.44172584])]","[array([0.07346854, 0.28567696]), array([-0.42141585,  0.49453633]), array([0.07346854, 0.28567696]), array([-0.42141585,  0.49453633])]",23,"[13, 253, 404]","[13, 253, 404]",439,10,0.2,0.012100000000000003,0.2,7.6000000000000005,0.01,Scipy
"[array([0.62349941, 0.02803776]), array([-0.05005943,  0.4667037 ]), array([-0.55822341,  1.44172615])]","[array([0.29353162, 0.46806191]), array([ 0.99126227, -0.48587432]), array([0.29353162, 0.46806191]), array([ 0.99126227, -0.48587432])]",19,"[101, 225, 2372]","[101, 225, 2372]",4,5,0.3333333333333333,0.03361111111111112,0.2,7.6000000000000005,0.55,FIRE
"[array([0.62349941, 0.02803776]), array([-0.05001095,  0.46669413]), array([-0.55822362,  1.44172585])]","[array([ 1.04370766, -0.43444192]), array([1.23232745, 0.40485938]), array([ 1.04370766, -0.43444192]), array([1.23232745, 0.40485938])]",43,"[101, 1420, 5460]","[101, 1420, 5460]",482,3,0.2,0.012100000000000003,0.1,3.8000000000000003,0.55,FIRE
"[array([0.62349941, 0.02803776]), array([-0.05254191,  0.46728248]), array([-0.55822326,  1.44172635])]","[array([ 1.02594678, -0.43356009]), array([1.18773022, 0.40593125]), array([ 1.02594678, -0.43356009]), array([1.18773022, 0.40593125])]",43,"[101, 1585, 5740]","[101, 1585, 5740]",82,3,0.3333333333333333,0.03361111111111112,0.1,3.8000000000000003,0.55,FIRE
"[array([0.62349941, 0.02803776]), array([-0.05001088,  0.46669411]), array([-0.55822361,  1.44172586])]","[array([ 1.09692223, -0.37299876]), array([-0.53330035,  0.86570186]), array([ 1.09692223, -0.37299876]), array([-0.53330035,  0.86570186])]",11,"[101, 1046, 1323]","[101, 1046, 1323]",483,4,0.2,0.012100000000000003,0.1,3.8000000000000003,0.55,FIRE
"[array([0.62349941, 0.02803776]), array([-0.05120969,  0.46695954]), array([-0.55822321,  1.44172642])]","[array([ 0.93917849, -0.4223473 ]), array([1.31475575, 0.12560334]), array([ 0.93917849, -0.4223473 ]), array([1.31475575, 0.12560334])]",19,"[101, 728, 2399]","[101, 728, 2399]",5,6,0.3333333333333333,0.03361111111111112,0.2,7.6000000000000005,0.55,FIRE
"[array([0.62349941, 0.02803776]), array([-0.05099268,  0.46691114]), array([-0.55822358,  1.44172592])]","[array([ 0.93782677, -0.42329171]), array([ 1.26992547, -0.18013586]), array([ 0.93782677, -0.42329171]), array([ 1.26992547, -0.18013586])]",21,"[101, 1076, 2639]","[101, 1076, 2639]",83,4,0.3333333333333333,0.03361111111111112,0.1,3.8000000000000003,0.55,FIRE
"[array([0.62349941, 0.02803776]), array([-0.05001083,  0.46669411]), array([-0.55822362,  1.44172586])]","[array([ 0.85971331, -0.41669066]), array([ 0.58997352, -0.61589424]), array([ 0.85971331, -0.41669066]), array([ 0.58997352, -0.61589424])]",49,"[101, 735, 6029]","[101, 735, 6029]",405,6,0.2,0.012100000000000003,0.2,7.6000000000000005,0.55,FIRE
"[array([0.62349941, 0.02803776]), array([-0.05001086,  0.46669411]), array([-0.55822363,  1.44172585])]","[array([0.29353162, 0.46806191]), array([ 0.94436816, -0.48368484]), array([0.29353162, 0.46806191]), array([ 0.94436816, -0.48368484])]",22,"[101, 225, 2721]","[101, 225, 2721]",484,5,0.2,0.012100000000000003,0.1,3.8000000000000003,0.55,FIRE
"[array([0.62349941, 0.02803776]), array([-0.05005947,  0.4667037 ]), array([-0.55822345,  1.44172611])]","[array([0.16460483, 0.33121389]), array([ 0.62498557, -0.52196623]), array([0.16460483, 0.33121389]), array([ 0.62498557, -0.52196623])]",19,"[101, 207, 2246]","[101, 207, 2246]",6,7,0.3333333333333333,0.03361111111111112,0.2,7.6000000000000005,0.55,FIRE
"[array([0.62349941, 0.02803776]), array([-0.05006901,  0.46670931]), array([-0.55822365,  1.44172583])]","[array([0.22472926, 0.31774166]), array([-0.13257746,  0.07427742]), array([0.22472926, 0.31774166]), array([-0.13257746,  0.07427742])]",80,"[101, 728, 9025]","[101, 728, 9025]",420,1,0.2,0.012100000000000003,0.2,7.6000000000000005,0.01,FIRE
"[array([0.62349941, 0.02803776]), array([-0.05223069,  0.46718794]), array([-0.55822327,  1.44172634])]","[array([ 1.2426175 , -0.26904691]), array([-0.7465838 ,  0.18944333]), array([ 1.2426175 , -0.26904691]), array([-0.7465838 ,  0.18944333])]",15,"[101, 1247, 1937]","[101, 1247, 1937]",7,8,0.3333333333333333,0.03361111111111112,0.2,7.6000000000000005,0.55,FIRE
"[array([0.62349941, 0.02803776]), array([-0.05003512,  0.4666989 ]), array([-0.55822354,  1.44172598])]","[array([0.29353162, 0.46806191]), array([ 0.93476431, -0.48320501]), array([0.29353162, 0.46806191]), array([ 0.93476431, -0.48320501])]",22,"[101, 225, 2810]","[101, 225, 2810]",84,5,0.3333333333333333,0.03361111111111112,0.1,3.8000000000000003,0.55,FIRE
"[array([0.62349941, 0.02803776]), array([-0.05001079,  0.4666941 ]), array([-0.55822364,  1.44172584])]","[array([0.16460483, 0.33121389]), array([ 1.44537986, -0.02836319]), array([0.16460483, 0.33121389]), array([ 1.44537986, -0.02836319])]",49,"[101, 221, 6047]","[101, 221, 6047]",406,7,0.2,0.012100000000000003,0.2,7.6000000000000005,0.55,FIRE
"[array([0.62349941, 0.02803776]), array([-0.05572235,  0.4680429 ]), array([-0.55822262,  1.44172716])]","[array([ 0.61715116, -0.5219256 ]), array([1.27805159, 0.39274112]), array([ 0.61715116, -0.5219256 ]), array([1.27805159, 0.39274112])]",37,"[101, 855, 4557]","[101, 855, 4557]",8,9,0.3333333333333333,0.03361111111111112,0.2,7.6000000000000005,0.55,FIRE
"[array([0.62349941, 0.02803776]), array([-0.05001087,  0.46669411]), array([-0.55822365,  1.44172582])]","[array([ 0.93917846, -0.4223473 ]), array([ 1.36802375, -0.09062905]), array([ 0.93917846, -0.4223473 ]), array([ 1.36802375, -0.09062905])]",49,"[101, 731, 6113]","[101, 731, 6113]",485,6,0.2,0.012100000000000003,0.1,3.8000000000000003,0.55,FIRE
"[array([0.62349941, 0.02803776]), array([-0.05001104,  0.46669416]), array([-0.55822365,  1.44172583])]","[array([1.25292749, 0.36551356]), array([-0.77016928,  0.19018467]), array([1.25292749, 0.36551356]), array([-0.77016928,  0.19018467])]",15,"[101, 1212, 1801]","[101, 1212, 1801]",407,8,0.2,0.012100000000000003,0.2,7.6000000000000005,0.55,FIRE
"[array([0.62349941, 0.02803776]), array([-0.05006901,  0.46670931]), array([-0.55822364,  1.44172584])]","[array([0.22446281, 0.3238491 ]), array([-0.87476326,  0.55158336]), array([0.22446281, 0.3238491 ]), array([-0.87476326,  0.55158336])]",85,"[101, 801, 10046]","[101, 801, 10046]",440,1,0.2,0.012100000000000003,0.2,7.6000000000000005,0.005,FIRE
"[array([0.62349941, 0.02803776]), array([-0.05013217,  0.46671805]), array([-0.55822273,  1.441727  ])]","[array([ 0.93917853, -0.42234731]), array([1.27406805, 0.28861443]), array([ 0.93917853, -0.42234731]), array([1.27406805, 0.28861443])]",49,"[101, 693, 6131]","[101, 693, 6131]",85,6,0.3333333333333333,0.03361111111111112,0.1,3.8000000000000003,0.55,FIRE
"[array([0.62349941, 0.02803776]), array([-0.05002018,  0.4666965 ]), array([-0.55822362,  1.44172586])]","[array([0.18796143, 0.27170639]), array([-0.82956755,  0.61633175]), array([0.18796143, 0.27170639]), array([-0.82956755,  0.61633175])]",114,"[101, 2553, 12446]","[101, 2553, 12446]",500,1,0.2,0.012100000000000003,0.1,3.8000000000000003,0.01,FIRE
"[array([0.62349941, 0.02803776]), array([-0.05120682,  0.46695902]), array([-0.55822266,  1.44172708])]","[array([ 0.89446485, -0.45058289]), array([ 1.2997576 , -0.20339077]), array([ 0.89446485, -0.45058289]), array([ 1.2997576 , -0.20339077])]",23,"[101, 603, 2801]","[101, 603, 2801]",9,10,0.3333333333333333,0.03361111111111112,0.2,7.6000000000000005,0.55,FIRE
"[array([0.62349941, 0.02803776]), array([-0.05005946,  0.4667037 ]), array([-0.55822356,  1.44172595])]","[array([0.42965194, 0.54274463]), array([-0.4551145 ,  0.05607565]), array([0.42965194, 0.54274463]), array([-0.4551145 ,  0.05607565])]",5,"[13, 29, 69]","[13, 29, 69]",10,1,0.3333333333333333,0.03361111111111112,0.2,7.6000000000000005,0.55,Scipy
"[array([0.62349941, 0.02803776]), array([-0.05005946,  0.4667037 ]), array([-0.55822355,  1.44172597])]","[array([ 0.5499111 , -0.51701706]), array([ 1.1179251 , -0.40401399]), array([ 0.5499111 , -0.51701706]), array([ 1.1179251 , -0.40401399])]",14,"[13, 27, 231]","[13, 27, 231]",11,2,0.3333333333333333,0.03361111111111112,0.2,7.6000000000000005,0.55,Scipy
"[array([0.62349941, 0.02803776]), array([-0.05015642,  0.46672283]), array([-0.55822287,  1.44172684])]","[array([1.0107558 , 0.41859183]), array([1.21615585, 0.37716042]), array([1.0107558 , 0.41859183]), array([1.21615585, 0.37716042])]",22,"[13, 56, 367]","[13, 56, 367]",12,3,0.3333333333333333,0.03361111111111112,0.2,7.6000000000000005,0.55,Scipy
"[array([0.62349941, 0.02803776]), array([-0.05010798,  0.46671327]), array([-0.55822328,  1.44172632])]","[array([1.12421716, 0.25559379]), array([ 1.00544661, -0.36783037]), array([1.12421716, 0.25559379]), array([ 1.00544661, -0.36783037])]",10,"[13, 39, 148]","[13, 39, 148]",13,4,0.3333333333333333,0.03361111111111112,0.2,7.6000000000000005,0.55,Scipy
"[array([0.62349941, 0.02803776]), array([-0.05003347,  0.46669997]), array([-0.55822363,  1.44172585])]","[array([0.10898432, 0.16798827]), array([-0.83913524,  0.61614643]), array([0.10898432, 0.16798827]), array([-0.83913524,  0.61614643])]",64,"[101, 1695, 7538]","[101, 1695, 7538]",421,2,0.2,0.012100000000000003,0.2,7.6000000000000005,0.01,FIRE
"[array([0.62349941, 0.02803776]), array([-0.05005946,  0.4667037 ]), array([-0.55822344,  1.44172611])]","[array([0.29353161, 0.46806191]), array([ 0.97205919, -0.48497212]), array([0.29353161, 0.46806191]), array([ 0.97205919, -0.48497212])]",18,"[13, 24, 325]","[13, 24, 325]",14,5,0.3333333333333333,0.03361111111111112,0.2,7.6000000000000005,0.55,Scipy
"[array([0.62349941, 0.02803776]), array([-0.05005946,  0.4667037 ]), array([-0.55822357,  1.44172593])]","[array([ 1.12919142, -0.18823888]), array([ 0.81313461, -0.48825231]), array([ 1.12919142, -0.18823888]), array([ 0.81313461, -0.48825231])]",7,"[13, 25, 99]","[13, 25, 99]",15,6,0.3333333333333333,0.03361111111111112,0.2,7.6000000000000005,0.55,Scipy
"[array([0.62349941, 0.02803776]), array([-0.05003519,  0.46669891]), array([-0.55822359,  1.44172592])]","[array([0.16460483, 0.33121389]), array([ 0.94643404, -0.50332024]), array([0.16460483, 0.33121389]), array([ 0.94643404, -0.50332024])]",25,"[101, 219, 3260]","[101, 219, 3260]",86,7,0.3333333333333333,0.03361111111111112,0.1,3.8000000000000003,0.55,FIRE
"[array([0.62349941, 0.02803776]), array([-0.05001699,  0.46669566]), array([-0.55822364,  1.44172584])]","[array([ 0.56885092, -0.50161614]), array([1.28769333, 0.39351023]), array([ 0.56885092, -0.50161614]), array([1.28769333, 0.39351023])]",39,"[101, 797, 4737]","[101, 797, 4737]",408,9,0.2,0.012100000000000003,0.2,7.6000000000000005,0.55,FIRE
"[array([0.62349941, 0.02803776]), array([-0.05001079,  0.4666941 ]), array([-0.55822366,  1.44172582])]","[array([0.16460483, 0.33121389]), array([ 1.22179681, -0.38519099]), array([0.16460483, 0.33121389]), array([ 1.22179681, -0.38519099])]",43,"[101, 221, 5402]","[101, 221, 5402]",486,7,0.2,0.012100000000000003,0.1,3.8000000000000003,0.55,FIRE
"[array([0.62349941, 0.02803776]), array([-0.05092763,  0.46690071]), array([-0.55822362,  1.44172587])]","[array([1.12024057, 0.37121571]), array([-0.3700341 ,  1.01394885]), array([1.12024057, 0.37121571]), array([-0.3700341 ,  1.01394885])]",15,"[101, 1340, 2047]","[101, 1340, 2047]",87,8,0.3333333333333333,0.03361111111111112,0.1,3.8000000000000003,0.55,FIRE
"[array([0.62349941, 0.02803776]), array([-0.05001082,  0.46669411]), array([-0.55822362,  1.44172586])]","[array([ 1.20638796, -0.26725602]), array([-0.3260877,  0.8617982]), array([ 1.20638796, -0.26725602]), array([-0.3260877,  0.8617982])]",15,"[101, 1127, 1675]","[101, 1127, 1675]",487,8,0.2,0.012100000000000003,0.1,3.8000000000000003,0.55,FIRE
"[array([0.62349941, 0.02803776]), array([-0.05003349,  0.46669998]), array([-0.55822365,  1.44172582])]","[array([0.11129048, 0.17053697]), array([-0.83081976,  0.56974661]), array([0.11129048, 0.17053697]), array([-0.83081976,  0.56974661])]",51,"[101, 1685, 6235]","[101, 1685, 6235]",441,2,0.2,0.012100000000000003,0.2,7.6000000000000005,0.005,FIRE
"[array([0.62349941, 0.02803776]), array([-0.0500108,  0.4666941]), array([-0.55822364,  1.44172584])]","[array([ 0.89446485, -0.45058289]), array([ 1.33737975, -0.20516817]), array([ 0.89446485, -0.45058289]), array([ 1.33737975, -0.20516817])]",22,"[101, 600, 2684]","[101, 600, 2684]",409,10,0.2,0.012100000000000003,0.2,7.6000000000000005,0.55,FIRE
"[array([0.62349941, 0.02803776]), array([-0.05001082,  0.4666941 ]), array([-0.55822363,  1.44172584])]","[array([0.42965194, 0.54274463]), array([-0.57246951,  0.06610424]), array([0.42965194, 0.54274463]), array([-0.57246951,  0.06610424])]",5,"[13, 30, 69]","[13, 30, 69]",410,1,0.2,0.012100000000000003,0.2,7.6000000000000005,0.55,Scipy
"[array([0.62349941, 0.02803776]), array([-0.05001082,  0.46669411]), array([-0.55822363,  1.44172584])]","[array([ 0.5499111 , -0.51701706]), array([ 0.43410465, -0.47248585]), array([ 0.5499111 , -0.51701706]), array([ 0.43410465, -0.47248585])]",8,"[13, 25, 121]","[13, 25, 121]",411,2,0.2,0.012100000000000003,0.2,7.6000000000000005,0.55,Scipy
"[array([0.62349941, 0.02803776]), array([-0.05001085,  0.46669411]), array([-0.55822363,  1.44172584])]","[array([0.75389833, 0.56235613]), array([ 0.71224364, -0.40713392]), array([0.75389833, 0.56235613]), array([ 0.71224364, -0.40713392])]",16,"[13, 62, 270]","[13, 62, 270]",412,3,0.2,0.012100000000000003,0.2,7.6000000000000005,0.55,Scipy
"[array([0.62349941, 0.02803776]), array([-0.05001083,  0.46669411]), array([-0.55822363,  1.44172584])]","[array([1.16850553, 0.2529579 ]), array([ 1.13648882, -0.38331898]), array([1.16850553, 0.2529579 ]), array([ 1.13648882, -0.38331898])]",17,"[13, 60, 290]","[13, 60, 290]",413,4,0.2,0.012100000000000003,0.2,7.6000000000000005,0.55,Scipy
"[array([0.62349941, 0.02803776]), array([-0.05001081,  0.46669411]), array([-0.55822363,  1.44172584])]","[array([0.29353161, 0.46806191]), array([-0.26902956,  1.02883063]), array([0.29353161, 0.46806191]), array([-0.26902956,  1.02883063])]",4,"[13, 24, 55]","[13, 24, 55]",414,5,0.2,0.012100000000000003,0.2,7.6000000000000005,0.55,Scipy
"[array([0.62349941, 0.02803776]), array([-0.05001083,  0.4666941 ]), array([-0.55822363,  1.44172584])]","[array([ 1.12919142, -0.18823888]), array([ 0.66603058, -0.47656457]), array([ 1.12919142, -0.18823888]), array([ 0.66603058, -0.47656457])]",7,"[13, 24, 89]","[13, 24, 89]",415,6,0.2,0.012100000000000003,0.2,7.6000000000000005,0.55,Scipy
"[array([0.62349941, 0.02803776]), array([-0.05001087,  0.46669411]), array([-0.55822362,  1.44172586])]","[array([ 0.61715114, -0.5219256 ]), array([ 1.20216121, -0.38579395]), array([ 0.61715114, -0.5219256 ]), array([ 1.20216121, -0.38579395])]",39,"[101, 778, 4652]","[101, 778, 4652]",488,9,0.2,0.012100000000000003,0.1,3.8000000000000003,0.55,FIRE
"[array([0.62349941, 0.02803776]), array([-0.05034242,  0.46676306]), array([-0.55822347,  1.44172607])]","[array([ 0.61715116, -0.5219256 ]), array([ 1.19699185, -0.33490963]), array([ 0.61715116, -0.5219256 ]), array([ 1.19699185, -0.33490963])]",39,"[101, 805, 5187]","[101, 805, 5187]",88,9,0.3333333333333333,0.03361111111111112,0.1,3.8000000000000003,0.55,FIRE
"[array([0.62349941, 0.02803776]), array([-0.05153297,  0.46704209]), array([-0.55822364,  1.44172583])]","[array([0.08170048, 0.18949266]), array([-0.81952195,  0.6042061 ]), array([0.08170048, 0.18949266]), array([-0.81952195,  0.6042061 ])]",62,"[101, 2287, 7455]","[101, 2287, 7455]",422,3,0.2,0.012100000000000003,0.2,7.6000000000000005,0.01,FIRE
"[array([0.62349941, 0.02803776]), array([-0.05001087,  0.46669411]), array([-0.55822366,  1.44172582])]","[array([ 0.89446485, -0.45058289]), array([1.19531755, 0.32836167]), array([ 0.89446485, -0.45058289]), array([1.19531755, 0.32836167])]",22,"[101, 645, 2653]","[101, 645, 2653]",489,10,0.2,0.012100000000000003,0.1,3.8000000000000003,0.55,FIRE
"[array([0.62349941, 0.02803776]), array([-0.05001082,  0.4666941 ]), array([-0.55822363,  1.44172584])]","[array([0.42965194, 0.54274463]), array([-0.134554  ,  0.94783897]), array([0.42965194, 0.54274463]), array([-0.134554  ,  0.94783897])]",8,"[13, 30, 113]","[13, 30, 113]",490,1,0.2,0.012100000000000003,0.1,3.8000000000000003,0.55,Scipy
"[array([0.62349941, 0.02803776]), array([-0.05010803,  0.46671328]), array([-0.55822356,  1.44172595])]","[array([ 0.89446485, -0.45058289]), array([1.21017633, 0.3276815 ]), array([ 0.89446485, -0.45058289]), array([1.21017633, 0.3276815 ])]",22,"[101, 534, 2655]","[101, 534, 2655]",89,10,0.3333333333333333,0.03361111111111112,0.1,3.8000000000000003,0.55,FIRE
"[array([0.62349941, 0.02803776]), array([-0.05001082,  0.46669411]), array([-0.55822363,  1.44172584])]","[array([ 0.5499111 , -0.51701706]), array([ 0.38981627, -0.46984997]), array([ 0.5499111 , -0.51701706]), array([ 0.38981627, -0.46984997])]",6,"[13, 25, 84]","[13, 25, 84]",491,2,0.2,0.012100000000000003,0.1,3.8000000000000003,0.55,Scipy
"[array([0.62349941, 0.02803776]), array([-0.05003515,  0.4666989 ]), array([-0.5582236 ,  1.44172589])]","[array([0.42965194, 0.54274463]), array([-0.09700205,  0.93713203]), array([0.42965194, 0.54274463]), array([-0.09700205,  0.93713203])]",8,"[13, 29, 121]","[13, 29, 121]",90,1,0.3333333333333333,0.03361111111111112,0.1,3.8000000000000003,0.55,Scipy
"[array([0.62349941, 0.02803776]), array([-0.05001082,  0.46669411]), array([-0.55822363,  1.44172584])]","[array([1.05504424, 0.41595594]), array([1.19496949, 0.27538592]), array([1.05504424, 0.41595594]), array([1.19496949, 0.27538592])]",12,"[13, 55, 162]","[13, 55, 162]",492,3,0.2,0.012100000000000003,0.1,3.8000000000000003,0.55,Scipy
"[array([0.62349941, 0.02803776]), array([-0.05003515,  0.4666989 ]), array([-0.55822364,  1.44172584])]","[array([ 0.5499111 , -0.51701706]), array([ 0.38982846, -0.46985178]), array([ 0.5499111 , -0.51701706]), array([ 0.38982846, -0.46985178])]",6,"[13, 26, 95]","[13, 26, 95]",91,2,0.3333333333333333,0.03361111111111112,0.1,3.8000000000000003,0.55,Scipy
"[array([0.62349941, 0.02803776]), array([-0.05001082,  0.4666941 ]), array([-0.55822363,  1.44172584])]","[array([1.12421714, 0.25559379]), array([ 1.04962024, -0.37045667]), array([1.12421714, 0.25559379]), array([ 1.04962024, -0.37045667])]",10,"[13, 41, 129]","[13, 41, 129]",493,4,0.2,0.012100000000000003,0.1,3.8000000000000003,0.55,Scipy
"[array([0.62349941, 0.02803776]), array([-0.05001081,  0.46669411]), array([-0.55822363,  1.44172584])]","[array([0.29353161, 0.46806191]), array([-0.20147381,  1.02351265]), array([0.29353161, 0.46806191]), array([-0.20147381,  1.02351265])]",4,"[13, 24, 57]","[13, 24, 57]",494,5,0.2,0.012100000000000003,0.1,3.8000000000000003,0.55,Scipy
"[array([0.62349941, 0.02803776]), array([-0.05008374,  0.46670849]), array([-0.5582234 ,  1.44172617])]","[array([1.0107558 , 0.41859183]), array([1.17546579, 0.37893613]), array([1.0107558 , 0.41859183]), array([1.17546579, 0.37893613])]",23,"[13, 56, 354]","[13, 56, 354]",92,3,0.3333333333333333,0.03361111111111112,0.1,3.8000000000000003,0.55,Scipy
"[array([0.62349941, 0.02803776]), array([-0.05001083,  0.4666941 ]), array([-0.55822363,  1.44172584])]","[array([ 1.12919142, -0.18823888]), array([ 0.85738983, -0.49088395]), array([ 1.12919142, -0.18823888]), array([ 0.85738983, -0.49088395])]",15,"[13, 24, 229]","[13, 24, 229]",495,6,0.2,0.012100000000000003,0.1,3.8000000000000003,0.55,Scipy
"[array([0.62349941, 0.02803776]), array([-0.05005946,  0.4667037 ]), array([-0.55822363,  1.44172584])]","[array([1.12421713, 0.25559379]), array([ 1.00534842, -0.3678229 ]), array([1.12421713, 0.25559379]), array([ 1.00534842, -0.3678229 ])]",8,"[13, 40, 119]","[13, 40, 119]",93,4,0.3333333333333333,0.03361111111111112,0.1,3.8000000000000003,0.55,Scipy
"[array([0.62349941, 0.02803776]), array([-0.05003515,  0.4666989 ]), array([-0.55822361,  1.44172588])]","[array([0.29353161, 0.46806191]), array([ 0.32355849, -0.43296322]), array([0.29353161, 0.46806191]), array([ 0.32355849, -0.43296322])]",8,"[13, 24, 125]","[13, 24, 125]",94,5,0.3333333333333333,0.03361111111111112,0.1,3.8000000000000003,0.55,Scipy
"[array([0.62349941, 0.02803776]), array([-0.05003515,  0.46669891]), array([-0.55822363,  1.44172584])]","[array([ 1.12919142, -0.18823888]), array([ 0.8131137 , -0.48824987]), array([ 1.12919142, -0.18823888]), array([ 0.8131137 , -0.48824987])]",7,"[13, 25, 114]","[13, 25, 114]",95,6,0.3333333333333333,0.03361111111111112,0.1,3.8000000000000003,0.55,Scipy
"[array([0.62349941, 0.02803776]), array([-0.05153303,  0.46704211]), array([-0.55822364,  1.44172583])]","[array([0.09072916, 0.1538514 ]), array([-0.83753002,  0.61593613]), array([0.09072916, 0.1538514 ]), array([-0.83753002,  0.61593613])]",62,"[101, 2238, 7392]","[101, 2238, 7392]",442,3,0.2,0.012100000000000003,0.2,7.6000000000000005,0.005,FIRE
"[array([0.62349941, 0.02803776]), array([-0.05002708,  0.46669827]), array([-0.55822362,  1.44172585])]","[array([0.20692522, 0.31055706]), array([-0.1846762 ,  0.08039772]), array([0.20692522, 0.31055706]), array([-0.1846762 ,  0.08039772])]",83,"[101, 1156, 10550]","[101, 1156, 10550]",423,4,0.2,0.012100000000000003,0.2,7.6000000000000005,0.01,FIRE
"[array([0.62349941, 0.02803776]), array([-0.05004427,  0.46670297]), array([-0.55822364,  1.44172583])]","[array([0.2730175 , 0.28834434]), array([-0.80376711,  0.60740985]), array([0.2730175 , 0.28834434]), array([-0.80376711,  0.60740985])]",140,"[101, 2245, 16609]","[101, 2245, 16609]",501,2,0.2,0.012100000000000003,0.1,3.8000000000000003,0.01,FIRE
"[array([0.62349941, 0.02803776]), array([-0.050027  ,  0.46669826]), array([-0.55822363,  1.44172585])]","[array([0.21946496, 0.27350456]), array([-0.19966375,  0.07570199]), array([0.21946496, 0.27350456]), array([-0.19966375,  0.07570199])]",83,"[101, 1066, 10131]","[101, 1066, 10131]",443,4,0.2,0.012100000000000003,0.2,7.6000000000000005,0.005,FIRE
"[array([0.62349941, 0.02803776]), array([-0.05011038,  0.46672021]), array([-0.55822362,  1.44172586])]","[array([0.11160123, 0.14926965]), array([-0.87182211,  0.54169117]), array([0.11160123, 0.14926965]), array([-0.87182211,  0.54169117])]",70,"[101, 1969, 8166]","[101, 1969, 8166]",424,5,0.2,0.012100000000000003,0.2,7.6000000000000005,0.01,FIRE
"[array([0.62349941, 0.02803776]), array([-0.05011036,  0.4667202 ]), array([-0.55822363,  1.44172585])]","[array([0.27865226, 0.2962482 ]), array([-0.75133704,  0.64903272]), array([0.27865226, 0.2962482 ]), array([-0.75133704,  0.64903272])]",71,"[101, 1193, 8367]","[101, 1193, 8367]",444,5,0.2,0.012100000000000003,0.2,7.6000000000000005,0.005,FIRE
"[array([0.62349941, 0.02803776]), array([-0.05001848,  0.46669603]), array([-0.55822365,  1.44172582])]","[array([0.15941524, 0.17826131]), array([-0.84429855,  0.60325772]), array([0.15941524, 0.17826131]), array([-0.84429855,  0.60325772])]",66,"[101, 1693, 7698]","[101, 1693, 7698]",425,6,0.2,0.012100000000000003,0.2,7.6000000000000005,0.01,FIRE
"[array([0.62349941, 0.02803776]), array([-0.05001849,  0.46669603]), array([-0.55822362,  1.44172586])]","[array([0.22800373, 0.29314968]), array([-0.82915373,  0.61600893]), array([0.22800373, 0.29314968]), array([-0.82915373,  0.61600893])]",55,"[101, 887, 6446]","[101, 887, 6446]",445,6,0.2,0.012100000000000003,0.2,7.6000000000000005,0.005,FIRE
"[array([0.62349941, 0.02803776]), array([-0.05004736,  0.46670384]), array([-0.55822365,  1.44172582])]","[array([0.22487063, 0.29395793]), array([-0.83610235,  0.60209289]), array([0.22487063, 0.29395793]), array([-0.83610235,  0.60209289])]",149,"[101, 2557, 17755]","[101, 2557, 17755]",502,3,0.2,0.012100000000000003,0.1,3.8000000000000003,0.01,FIRE
"[array([0.62349941, 0.02803776]), array([-0.05012982,  0.46672482]), array([-0.55822365,  1.44172583])]","[array([0.12517519, 0.10965749]), array([-0.19183685,  0.12693321]), array([0.12517519, 0.10965749]), array([-0.19183685,  0.12693321])]",82,"[101, 1998, 9722]","[101, 1998, 9722]",426,7,0.2,0.012100000000000003,0.2,7.6000000000000005,0.01,FIRE
"[array([0.62349941, 0.02803776]), array([-0.05012983,  0.46672481]), array([-0.55822365,  1.44172583])]","[array([0.14630131, 0.17091329]), array([-0.21952098,  0.11067672]), array([0.14630131, 0.17091329]), array([-0.21952098,  0.11067672])]",79,"[101, 2028, 9426]","[101, 2028, 9426]",446,7,0.2,0.012100000000000003,0.2,7.6000000000000005,0.005,FIRE
"[array([0.62349941, 0.02803776]), array([-0.05001821,  0.46669596]), array([-0.55822362,  1.44172585])]","[array([0.22446912, 0.29363124]), array([-0.21919405,  0.12524418]), array([0.22446912, 0.29363124]), array([-0.21919405,  0.12524418])]",84,"[101, 1322, 9864]","[101, 1322, 9864]",427,8,0.2,0.012100000000000003,0.2,7.6000000000000005,0.01,FIRE
"[array([0.62349941, 0.02803776]), array([-0.05001815,  0.46669594]), array([-0.55822365,  1.44172582])]","[array([0.21761671, 0.30708177]), array([-0.32473729,  0.17136648]), array([0.21761671, 0.30708177]), array([-0.32473729,  0.17136648])]",97,"[101, 1266, 11350]","[101, 1266, 11350]",447,8,0.2,0.012100000000000003,0.2,7.6000000000000005,0.005,FIRE
"[array([0.62349941, 0.02803776]), array([-0.05010118,  0.46671801]), array([-0.55822363,  1.44172585])]","[array([0.10153065, 0.13689736]), array([-0.8380889 ,  0.59585272]), array([0.10153065, 0.13689736]), array([-0.8380889 ,  0.59585272])]",40,"[101, 1802, 4954]","[101, 1802, 4954]",428,9,0.2,0.012100000000000003,0.2,7.6000000000000005,0.01,FIRE
"[array([0.62349941, 0.02803776]), array([-0.05005797,  0.46670686]), array([-0.55822364,  1.44172583])]","[array([0.24899634, 0.29363547]), array([-0.83328332,  0.615519  ]), array([0.24899634, 0.29363547]), array([-0.83328332,  0.615519  ])]",118,"[101, 2377, 13652]","[101, 2377, 13652]",503,4,0.2,0.012100000000000003,0.1,3.8000000000000003,0.01,FIRE
"[array([0.62349941, 0.02803776]), array([-0.05002847,  0.46669856]), array([-0.55822362,  1.44172585])]","[array([0.15578179, 0.17586622]), array([-0.86681326,  0.6173064 ]), array([0.15578179, 0.17586622]), array([-0.86681326,  0.6173064 ])]",68,"[101, 2070, 7888]","[101, 2070, 7888]",429,10,0.2,0.012100000000000003,0.2,7.6000000000000005,0.01,FIRE
"[array([0.62349941, 0.02803776]), array([-0.050069  ,  0.46670931]), array([-0.55822363,  1.44172584])]","[array([0.14194197, 0.45158604]), array([-0.49665845,  0.49792034]), array([0.14194197, 0.45158604]), array([-0.49665845,  0.49792034])]",24,"[13, 108, 414]","[13, 108, 414]",430,1,0.2,0.012100000000000003,0.2,7.6000000000000005,0.01,Scipy
"[array([0.62349941, 0.02803776]), array([-0.05001095,  0.46669413]), array([-0.55822363,  1.44172584])]","[array([-0.00241778,  0.47244706]), array([-0.44809782,  0.39417258]), array([-0.00241778,  0.47244706]), array([-0.44809782,  0.39417258])]",35,"[13, 150, 701]","[13, 150, 701]",431,2,0.2,0.012100000000000003,0.2,7.6000000000000005,0.01,Scipy
"[array([0.62349941, 0.02803776]), array([-0.05001935,  0.46669626]), array([-0.55822365,  1.44172583])]","[array([0.17602599, 0.25542653]), array([-0.8199196 ,  0.60845315]), array([0.17602599, 0.25542653]), array([-0.8199196 ,  0.60845315])]",93,"[101, 2618, 10743]","[101, 2618, 10743]",504,5,0.2,0.012100000000000003,0.1,3.8000000000000003,0.01,FIRE
"[array([0.62349941, 0.02803776]), array([-0.05002528,  0.46669783]), array([-0.55822362,  1.44172586])]","[array([0.22451703, 0.32663756]), array([-0.84226846,  0.61286853]), array([0.22451703, 0.32663756]), array([-0.84226846,  0.61286853])]",113,"[101, 2060, 13209]","[101, 2060, 13209]",505,6,0.2,0.012100000000000003,0.1,3.8000000000000003,0.01,FIRE
"[array([0.62349941, 0.02803776]), array([-0.0500615 ,  0.46670764]), array([-0.55822362,  1.44172586])]","[array([0.25327322, 0.3084965 ]), array([-0.83217741,  0.61093659]), array([0.25327322, 0.3084965 ]), array([-0.83217741,  0.61093659])]",138,"[101, 2566, 16273]","[101, 2566, 16273]",506,7,0.2,0.012100000000000003,0.1,3.8000000000000003,0.01,FIRE
"[array([0.62349941, 0.02803776]), array([-0.05002949,  0.46669895]), array([-0.55822362,  1.44172586])]","[array([0.23669652, 0.29021219]), array([-0.83089908,  0.60835233]), array([0.23669652, 0.29021219]), array([-0.83089908,  0.60835233])]",106,"[101, 1737, 12476]","[101, 1737, 12476]",507,8,0.2,0.012100000000000003,0.1,3.8000000000000003,0.01,FIRE
"[array([0.62349941, 0.02803776]), array([-0.05002846,  0.46669861]), array([-0.55822364,  1.44172583])]","[array([0.20876613, 0.30232549]), array([-0.83145886,  0.61145252]), array([0.20876613, 0.30232549]), array([-0.83145886,  0.61145252])]",110,"[101, 3368, 12627]","[101, 3368, 12627]",508,9,0.2,0.012100000000000003,0.1,3.8000000000000003,0.01,FIRE
"[array([0.62349941, 0.02803776]), array([-0.05002117,  0.46669676]), array([-0.55822365,  1.44172582])]","[array([0.2097554 , 0.29814598]), array([-0.83046107,  0.59983428]), array([0.2097554 , 0.29814598]), array([-0.83046107,  0.59983428])]",121,"[101, 2772, 14230]","[101, 2772, 14230]",509,10,0.2,0.012100000000000003,0.1,3.8000000000000003,0.01,FIRE
"[array([0.62349941, 0.02803776]), array([-0.05002019,  0.4666965 ]), array([-0.55822363,  1.44172584])]","[array([0.25653418, 0.24841562]), array([-0.19031957,  0.47233447]), array([0.25653418, 0.24841562]), array([-0.19031957,  0.47233447])]",15,"[13, 148, 211]","[13, 148, 211]",510,1,0.2,0.012100000000000003,0.1,3.8000000000000003,0.01,Scipy
"[array([0.62349941, 0.02803776]), array([-0.05002969,  0.46669901]), array([-0.55822363,  1.44172584])]","[array([0.1996126 , 0.23644858]), array([-0.18871585,  0.47113415]), array([0.1996126 , 0.23644858]), array([-0.18871585,  0.47113415])]",30,"[13, 380, 443]","[13, 380, 443]",511,2,0.2,0.012100000000000003,0.1,3.8000000000000003,0.01,Scipy
"[array([0.62349941, 0.02803776]), array([-0.55822364,  1.44172584])]","[array([0.18923338, 0.08208078]), array([0.18923338, 0.08208078])]",5000,"[13, 178]","[13, 178]",34,5,0.3333333333333333,0.03361111111111112,0.2,7.6000000000000005,0.01,Scipy
"[array([0.62349941, 0.02803776]), array([-0.55822297,  1.44172671])]","[array([-0.54109027,  0.49157209]), array([-0.54109027,  0.49157209])]",5000,"[13, 235]","[13, 235]",35,6,0.3333333333333333,0.03361111111111112,0.2,7.6000000000000005,0.01,Scipy
"[array([0.62349941, 0.02803776]), array([-0.05017194,  0.46672574]), array([-0.55822289,  1.44172681])]","[array([-0.07651716,  0.4609709 ]), array([-0.55031567,  0.49461609]), array([-0.07651716,  0.4609709 ]), array([-0.55031567,  0.49461609])]",27,"[13, 73, 412]","[13, 73, 412]",36,7,0.3333333333333333,0.03361111111111112,0.2,7.6000000000000005,0.01,Scipy
"[array([0.62349941, 0.02803776]), array([-0.55822343,  1.44172612])]","[array([-0.35247092,  0.48999266]), array([-0.35247092,  0.48999266])]",5000,"[13, 295]","[13, 295]",37,8,0.3333333333333333,0.03361111111111112,0.2,7.6000000000000005,0.01,Scipy
"[array([0.62349941, 0.02803776]), array([-0.55822342,  1.44172614])]","[array([0.03912732, 0.13595694]), array([0.03912732, 0.13595694])]",5000,"[13, 325]","[13, 325]",38,9,0.3333333333333333,0.03361111111111112,0.2,7.6000000000000005,0.01,Scipy
"[array([0.62349941, 0.02803776]), array([-0.55822275,  1.44172699])]","[array([-1.17001479,  0.59820083]), array([-1.17001479,  0.59820083])]",5000,"[13, 383]","[13, 383]",39,10,0.3333333333333333,0.03361111111111112,0.2,7.6000000000000005,0.01,Scipy
"[array([0.62349941, 0.02803776]), array([-0.55822239,  1.44172742])]","[array([-0.83057416,  0.57060783]), array([-0.83057416,  0.57060783])]",5000,"[101, 7165]","[101, 7165]",100,1,0.3333333333333333,0.03361111111111112,0.1,3.8000000000000003,0.01,FIRE
"[array([0.62349941, 0.02803776]), array([-0.55822201,  1.4417279 ])]","[array([-0.86666898,  0.59572653]), array([-0.86666898,  0.59572653])]",5000,"[101, 4224]","[101, 4224]",20,1,0.3333333333333333,0.03361111111111112,0.2,7.6000000000000005,0.01,FIRE
"[array([0.62349941, 0.02803776]), array([-0.55822257,  1.4417272 ])]","[array([-0.83261085,  0.59586947]), array([-0.83261085,  0.59586947])]",5000,"[101, 24173]","[101, 24173]",180,1,0.3333333333333333,0.03361111111111112,0.03333333333333333,1.2666666666666666,0.01,FIRE
"[array([0.62349941, 0.02803776]), array([-0.55822268,  1.44172708])]","[array([-0.84433025,  0.60720933]), array([-0.84433025,  0.60720933])]",5000,"[101, 66587]","[101, 66587]",340,1,0.3333333333333333,0.03361111111111112,0.01,0.38,0.01,FIRE
"[array([0.62349941, 0.02803776]), array([-0.55822255,  1.44172723])]","[array([-0.84034671,  0.60287641]), array([-0.84034671,  0.60287641])]",5000,"[101, 35929]","[101, 35929]",260,1,0.3333333333333333,0.03361111111111112,0.02,0.76,0.01,FIRE
"[array([0.62349941, 0.02803776]), array([-0.55822201,  1.44172791])]","[array([-0.85541077,  0.58604923]), array([-0.85541077,  0.58604923])]",5000,"[101, 4344]","[101, 4344]",40,1,0.3333333333333333,0.03361111111111112,0.2,7.6000000000000005,0.005,FIRE
"[array([0.62349941, 0.02803776]), array([-0.55822253,  1.44172725])]","[array([-0.82888297,  0.59039487]), array([-0.82888297,  0.59039487])]",5000,"[101, 7815]","[101, 7815]",101,2,0.3333333333333333,0.03361111111111112,0.1,3.8000000000000003,0.01,FIRE
"[array([0.62349941, 0.02803776]), array([-0.55822209,  1.44172781])]","[array([-0.25088468,  0.14220906]), array([-0.25088468,  0.14220906])]",5000,"[101, 5566]","[101, 5566]",21,2,0.3333333333333333,0.03361111111111112,0.2,7.6000000000000005,0.01,FIRE
"[array([0.62349941, 0.02803776]), array([-0.05568351,  0.4680066 ]), array([-0.55822259,  1.44172718])]","[array([0.16255773, 0.22964669]), array([-0.8388647,  0.5909532]), array([0.16255773, 0.22964669]), array([-0.8388647,  0.5909532])]",21,"[101, 1283, 2350]","[101, 1283, 2350]",22,3,0.3333333333333333,0.03361111111111112,0.2,7.6000000000000005,0.01,FIRE
"[array([0.62349941, 0.02803776]), array([-0.05751293,  0.46846682]), array([-0.55822223,  1.44172761])]","[array([0.15263307, 0.25193678]), array([-0.84551411,  0.60181674]), array([0.15263307, 0.25193678]), array([-0.84551411,  0.60181674])]",41,"[101, 981, 4746]","[101, 981, 4746]",23,4,0.3333333333333333,0.03361111111111112,0.2,7.6000000000000005,0.01,FIRE
"[array([0.62349941, 0.02803776]), array([-0.55822263,  1.44172712])]","[array([-0.84523464,  0.60240609]), array([-0.84523464,  0.60240609])]",5000,"[101, 20972]","[101, 20972]",181,2,0.3333333333333333,0.03361111111111112,0.03333333333333333,1.2666666666666666,0.01,FIRE
"[array([0.62349941, 0.02803776]), array([-0.55822263,  1.44172714])]","[array([-0.83144575,  0.59639791]), array([-0.83144575,  0.59639791])]",5000,"[101, 58673]","[101, 58673]",341,2,0.3333333333333333,0.03361111111111112,0.01,0.38,0.01,FIRE
"[array([0.62349941, 0.02803776]), array([-0.55822254,  1.44172722])]","[array([-0.83066085,  0.59353434]), array([-0.83066085,  0.59353434])]",5000,"[101, 32110]","[101, 32110]",261,2,0.3333333333333333,0.03361111111111112,0.02,0.76,0.01,FIRE
"[array([0.62349941, 0.02803776]), array([-0.5582221 ,  1.44172779])]","[array([-0.25147119,  0.14313206]), array([-0.25147119,  0.14313206])]",5000,"[101, 5470]","[101, 5470]",41,2,0.3333333333333333,0.03361111111111112,0.2,7.6000000000000005,0.005,FIRE
"[array([0.62349941, 0.02803776]), array([-0.05568358,  0.46800661]), array([-0.55822259,  1.44172718])]","[array([0.15748288, 0.24473728]), array([-0.84373104,  0.59425335]), array([0.15748288, 0.24473728]), array([-0.84373104,  0.59425335])]",21,"[101, 1284, 2331]","[101, 1284, 2331]",42,3,0.3333333333333333,0.03361111111111112,0.2,7.6000000000000005,0.005,FIRE
"[array([0.62349941, 0.02803776]), array([-0.05751297,  0.46846682]), array([-0.55822224,  1.44172759])]","[array([0.15421265, 0.24617558]), array([-0.85341076,  0.6076975 ]), array([0.15421265, 0.24617558]), array([-0.85341076,  0.6076975 ])]",41,"[101, 1131, 4637]","[101, 1131, 4637]",43,4,0.3333333333333333,0.03361111111111112,0.2,7.6000000000000005,0.005,FIRE
"[array([0.62349941, 0.02803776]), array([-0.55822208,  1.44172781])]","[array([-0.86780799,  0.55842313]), array([-0.86780799,  0.55842313])]",5000,"[101, 5071]","[101, 5071]",24,5,0.3333333333333333,0.03361111111111112,0.2,7.6000000000000005,0.01,FIRE
"[array([0.62349941, 0.02803776]), array([-0.55822258,  1.44172719])]","[array([-0.82466957,  0.58436593]), array([-0.82466957,  0.58436593])]",5000,"[101, 7513]","[101, 7513]",102,3,0.3333333333333333,0.03361111111111112,0.1,3.8000000000000003,0.01,FIRE
"[array([0.62349941, 0.02803776]), array([-0.55822263,  1.44172713])]","[array([-0.8210138 ,  0.58820991]), array([-0.8210138 ,  0.58820991])]",5000,"[101, 21727]","[101, 21727]",182,3,0.3333333333333333,0.03361111111111112,0.03333333333333333,1.2666666666666666,0.01,FIRE
"[array([0.62349941, 0.02803776]), array([-0.55822258,  1.4417272 ])]","[array([-0.84808137,  0.61609296]), array([-0.84808137,  0.61609296])]",5000,"[101, 65348]","[101, 65348]",342,3,0.3333333333333333,0.03361111111111112,0.01,0.38,0.01,FIRE
"[array([0.62349941, 0.02803776]), array([-0.55822262,  1.44172715])]","[array([-0.83553168,  0.59704642]), array([-0.83553168,  0.59704642])]",5000,"[101, 32766]","[101, 32766]",262,3,0.3333333333333333,0.03361111111111112,0.02,0.76,0.01,FIRE
"[array([0.62349941, 0.02803776]), array([-0.55822211,  1.44172779])]","[array([-0.86330537,  0.55189844]), array([-0.86330537,  0.55189844])]",5000,"[101, 4961]","[101, 4961]",44,5,0.3333333333333333,0.03361111111111112,0.2,7.6000000000000005,0.005,FIRE
"[array([0.62349941, 0.02803776]), array([-0.55822254,  1.44172726])]","[array([-0.86660279,  0.58001011]), array([-0.86660279,  0.58001011])]",5000,"[101, 4406]","[101, 4406]",25,6,0.3333333333333333,0.03361111111111112,0.2,7.6000000000000005,0.01,FIRE
"[array([0.62349941, 0.02803776]), array([-0.05751298,  0.46846682]), array([-0.55822258,  1.4417272 ])]","[array([0.14783267, 0.26896677]), array([-0.83723128,  0.57820472]), array([0.14783267, 0.26896677]), array([-0.83723128,  0.57820472])]",22,"[101, 1101, 2603]","[101, 1101, 2603]",26,7,0.3333333333333333,0.03361111111111112,0.2,7.6000000000000005,0.01,FIRE
"[array([0.62349941, 0.02803776]), array([-0.55822249,  1.44172731])]","[array([-0.86656901,  0.5987213 ]), array([-0.86656901,  0.5987213 ])]",5000,"[101, 5219]","[101, 5219]",103,4,0.3333333333333333,0.03361111111111112,0.1,3.8000000000000003,0.01,FIRE
"[array([0.62349941, 0.02803776]), array([-0.55822247,  1.44172731])]","[array([-0.83042428,  0.59261141]), array([-0.83042428,  0.59261141])]",5000,"[101, 21404]","[101, 21404]",183,4,0.3333333333333333,0.03361111111111112,0.03333333333333333,1.2666666666666666,0.01,FIRE
"[array([0.62349941, 0.02803776]), array([-0.55822257,  1.4417272 ])]","[array([-0.83646339,  0.60025191]), array([-0.83646339,  0.60025191])]",5000,"[101, 65030]","[101, 65030]",343,4,0.3333333333333333,0.03361111111111112,0.01,0.38,0.01,FIRE
"[array([0.62349941, 0.02803776]), array([-0.55822244,  1.44172735])]","[array([-0.83445398,  0.5958792 ]), array([-0.83445398,  0.5958792 ])]",5000,"[101, 32535]","[101, 32535]",263,4,0.3333333333333333,0.03361111111111112,0.02,0.76,0.01,FIRE
"[array([0.62349941, 0.02803776]), array([-0.55822254,  1.44172726])]","[array([-0.84364778,  0.56843553]), array([-0.84364778,  0.56843553])]",5000,"[101, 4463]","[101, 4463]",45,6,0.3333333333333333,0.03361111111111112,0.2,7.6000000000000005,0.005,FIRE
"[array([0.62349941, 0.02803776]), array([-0.55822208,  1.4417278 ])]","[array([-0.86420205,  0.59308794]), array([-0.86420205,  0.59308794])]",5000,"[101, 5023]","[101, 5023]",27,8,0.3333333333333333,0.03361111111111112,0.2,7.6000000000000005,0.01,FIRE
